fault_type,recovery_type,recovery_status,mq2_value,motion_state
0,0,0,1425,1
0,0,0,1429,1
0,0,0,1434,1
0,0,0,1438,1
0,0,0,1434,1
0,0,0,1442,1
0,0,0,1434,1
0,0,0,1427,1
0,0,0,1426,1
0,0,0,1434,1
0,0,0,1427,1
0,0,0,1431,1
0,0,0,1420,1
0,0,0,1418,1
0,0,0,1423,1
0,0,0,1419,1
2,1,1,1422,0
0,0,0,1419,1
2,1,1,1424,0
0,0,0,1427,0
0,0,0,1424,1
0,0,0,1419,1
4,2,1,1423,0
0,0,0,1421,1
0,0,0,1415,1
0,0,0,1418,1
0,0,0,1423,1
0,0,0,1418,1
4,2,1,1413,0
0,0,0,1498,1
0,0,0,1418,1
0,0,0,1423,1
2,1,2,1418,1
0,0,0,1421,0
0,0,0,1417,0
0,0,0,1419,0
0,0,0,1414,1
0,0,0,1417,1
0,0,0,1422,1
0,0,0,1418,1
0,0,0,1419,1
4,2,1,1414,0
0,0,0,1418,1
0,0,0,1421,1
0,0,0,1419,1
0,0,0,1418,1
0,0,0,1421,1
0,0,0,1418,1
2,1,1,1418,0
5,4,1,1414,0
0,0,0,1421,0
0,0,0,1419,0
0,0,0,1418,1
0,0,0,1419,1
0,0,0,1423,1
0,0,0,1411,1
0,0,0,1415,1
3,3,1,1413,0
0,0,0,1424,1
0,0,0,1410,1
0,0,0,1415,1
0,0,0,1415,1
0,0,0,1418,1
2,1,2,1408,1
5,4,1,1392,0
0,0,0,1424,0
0,0,0,1408,0
0,0,0,1406,1
5,4,1,1405,0
0,0,0,1408,1
0,0,0,1408,1
0,0,0,1407,1
0,0,0,1407,1
2,1,2,1405,1
1,1,2,1406,1
0,0,0,1407,0
0,0,0,1395,0
0,0,0,1402,0
2,1,1,1403,0
0,0,0,1404,0
0,0,0,1407,0
0,0,0,1408,0
0,0,0,1402,0
0,0,0,1410,0
2,1,2,1406,0
2,1,1,1402,0
0,0,0,1410,0
0,0,0,1409,1
0,0,0,1410,0
2,1,1,1407,0
2,1,2,1397,1
0,0,0,1408,0
0,0,0,1399,0
0,0,0,1402,0
0,0,0,1404,1
0,0,0,1399,1
0,0,0,1402,1
0,0,0,1406,1
1,1,2,1406,0
0,0,0,1395,1
0,0,0,1392,1
0,0,0,1398,1
0,0,0,1398,1
0,0,0,1394,1
2,1,1,1398,0
0,0,0,1403,1
2,1,1,1398,0
0,0,0,1401,0
0,0,0,1403,1
0,0,0,1403,1
0,0,0,1400,1
0,0,0,1404,1
0,0,0,1404,1
4,2,1,1402,0
0,0,0,1403,1
0,0,0,1405,1
0,0,0,1404,1
0,0,0,1398,1
0,0,0,1395,1
0,0,0,1408,1
2,1,2,1409,0
2,1,1,1404,0
0,0,0,1405,0
0,0,0,1409,0
0,0,0,1339,1
0,0,0,37,1
3,3,1,48,0
0,0,0,43,1
0,0,0,41,1
0,0,0,47,1
2,1,1,45,0
0,0,0,45,1
2,1,1,45,0
0,0,0,50,0
0,0,0,49,1
0,0,0,45,1
0,0,0,45,1
0,0,0,47,1
0,0,0,48,1
1,1,1,0,0
0,0,0,47,1
1,1,1,48,0
0,0,0,4095,1
0,0,0,48,1
0,0,0,48,1
0,0,0,46,1
0,0,0,47,1
0,0,0,47,1
0,0,0,48,1
0,0,0,49,1
0,0,0,48,1
0,0,0,48,1
1,1,1,47,0
0,0,0,50,1
1,1,1,48,0
0,0,0,4095,1
0,0,0,37,1
0,0,0,48,1
0,0,0,27,1
0,0,0,48,1
5,4,1,47,0
0,0,0,48,1
0,0,0,48,1
0,0,0,44,1
0,0,0,48,1
4,2,1,49,0
0,0,0,39,1
0,0,0,50,1
0,0,0,47,1
0,0,0,1218,1
0,0,0,1231,1
0,0,0,1264,1
0,0,0,1265,1
0,0,0,1261,1
0,0,0,1264,1
0,0,0,1214,1
0,0,0,1251,1
0,0,0,1217,1
0,0,0,1219,1
0,0,0,1218,1
0,0,0,1207,1
0,0,0,1211,1
0,0,0,1207,1
0,0,0,1205,1
3,3,1,1216,0
0,0,0,1201,1
0,0,0,1206,1
0,0,0,1217,1
0,0,0,1216,1
0,0,0,1216,1
0,0,0,1211,1
0,0,0,1211,1
0,0,0,1210,1
0,0,0,1213,1
0,0,0,1225,1
0,0,0,1213,1
0,0,0,1206,1
0,0,0,1207,1
0,0,0,1205,1
0,0,0,1203,1
0,0,0,1224,1
0,0,0,1239,1
0,0,0,1209,1
0,0,0,1243,1
0,0,0,1242,1
0,0,0,1246,1
0,0,0,1218,1
5,4,1,1243,0
0,0,0,1239,1
0,0,0,1238,1
0,0,0,1244,1
0,0,0,1241,1
0,0,0,1243,1
5,4,1,1242,0
0,0,0,1243,1
0,0,0,1245,1
0,0,0,1247,1
0,0,0,1243,1
0,0,0,1243,1
0,0,0,1241,1
0,0,0,1238,1
1,1,2,1238,0
0,0,0,1239,1
0,0,0,1248,1
0,0,0,1235,1
0,0,0,1239,1
0,0,0,1235,1
0,0,0,1245,1
0,0,0,1237,1
3,3,1,1238,0
0,0,0,1241,1
0,0,0,1243,1
0,0,0,1246,1
0,0,0,1242,1
0,0,0,1241,1
3,3,1,1237,0
0,0,0,1063,1
2,1,2,1246,1
0,0,0,1246,0
0,0,0,1246,0
0,0,0,1243,0
0,0,0,1237,1
0,0,0,1242,1
2,1,1,1245,0
0,0,0,1238,1
2,1,1,1252,0
0,0,0,1246,0
0,0,0,940,0
0,0,0,1179,1
0,0,0,1208,0
5,4,1,1173,1
0,0,0,1182,0
2,1,2,1182,1
0,0,0,1173,0
0,0,0,1175,0
0,0,0,1173,0
0,0,0,1178,0
2,1,2,1183,1
0,0,0,1179,0
0,0,0,1185,0
0,0,0,1170,1
0,0,0,1029,0
2,1,2,1040,1
5,4,1,1042,1
0,0,0,1043,0
0,0,0,1014,0
0,0,0,1008,0
3,3,1,1020,1
0,0,0,1019,0
2,1,1,1019,0
0,0,0,1045,0
0,0,0,963,1
0,0,0,979,1
0,0,0,963,1
0,0,0,946,1
4,2,1,882,0
0,0,0,972,1
0,0,0,1230,1
2,1,2,1230,1
0,0,0,1199,0
0,0,0,1227,0
0,0,0,1233,0
0,0,0,1129,0
0,0,0,1121,0
2,1,2,1215,1
0,0,0,1119,0
0,0,0,1205,0
0,0,0,1207,0
0,0,0,1205,0
0,0,0,1185,0
2,1,2,1131,1
0,0,0,1174,0
0,0,0,1225,0
0,0,0,1187,0
0,0,0,1231,1
0,0,0,1004,0
2,1,2,1130,1
0,0,0,1131,0
0,0,0,1123,0
0,0,0,1166,1
0,0,0,1110,1
0,0,0,1123,1
0,0,0,1123,1
0,0,0,1115,1
2,1,1,1066,0
0,0,0,1007,0
0,0,0,1062,1
0,0,0,1066,1
0,0,0,1067,1
0,0,0,1070,1
0,0,0,1061,1
0,0,0,1061,1
0,0,0,1046,1
0,0,0,1061,1
0,0,0,1057,1
0,0,0,1054,1
0,0,0,1056,1
0,0,0,1050,1
0,0,0,1049,1
0,0,0,1046,1
0,0,0,1051,1
0,0,0,1002,1
0,0,0,1047,1
0,0,0,1005,1
0,0,0,997,1
0,0,0,944,1
0,0,0,965,1
0,0,0,969,1
0,0,0,969,1
0,0,0,964,1
0,0,0,970,1
0,0,0,975,1
0,0,0,975,1
0,0,0,930,1
0,0,0,929,1
0,0,0,944,1
0,0,0,951,1
0,0,0,939,1
0,0,0,955,1
0,0,0,959,1
0,0,0,960,1
0,0,0,957,1
2,1,2,964,1
0,0,0,965,0
0,0,0,957,1
0,0,0,950,0
0,0,0,944,1
0,0,0,944,1
0,0,0,944,1
0,0,0,951,1
0,0,0,945,1
0,0,0,979,1
0,0,0,959,1
0,0,0,991,1
0,0,0,994,1
0,0,0,994,1
0,0,0,994,1
0,0,0,996,1
0,0,0,990,1
2,1,1,1003,0
0,0,0,995,0
0,0,0,1008,0
0,0,0,1012,0
0,0,0,1005,1
0,0,0,934,1
0,0,0,912,1
0,0,0,914,1
0,0,0,910,1
0,0,0,858,1
3,3,1,860,0
0,0,0,905,1
0,0,0,880,1
0,0,0,813,1
0,0,0,837,1
0,0,0,833,1
0,0,0,838,1
0,0,0,845,1
1,1,1,843,0
0,0,0,842,1
1,1,1,880,0
0,0,0,4095,1
0,0,0,847,1
0,0,0,846,1
0,0,0,845,1
0,0,0,847,1
0,0,0,848,1
0,0,0,850,1
0,0,0,848,1
0,0,0,837,1
3,3,1,848,0
0,0,0,849,1
0,0,0,847,1
0,0,0,848,1
0,0,0,848,1
0,0,0,852,1
0,0,0,853,1
0,0,0,851,1
0,0,0,851,1
0,0,0,850,1
2,1,1,848,0
0,0,0,851,1
2,1,1,851,0
0,0,0,848,0
0,0,0,860,1
0,0,0,862,1
0,0,0,861,1
0,0,0,859,1
0,0,0,862,1
0,0,0,869,1
0,0,0,863,1
1,1,1,857,0
0,0,0,859,1
1,1,1,862,0
0,0,0,4095,1
0,0,0,863,1
0,0,0,837,1
0,0,0,1182,1
0,0,0,1189,1
0,0,0,1166,1
0,0,0,1200,1
4,2,1,1158,0
0,0,0,1171,1
0,0,0,1142,1
0,0,0,1168,1
0,0,0,1155,1
0,0,0,1150,1
0,0,0,1146,1
0,0,0,1143,1
0,0,0,1146,1
4,2,1,1150,0
0,0,0,1139,1
0,0,0,1144,1
0,0,0,1150,1
0,0,0,1149,1
0,0,0,1143,1
0,0,0,1149,1
0,0,0,1146,1
0,0,0,1150,1
0,0,0,1143,1
0,0,0,1140,1
0,0,0,1123,1
0,0,0,1138,1
0,0,0,1138,1
0,0,0,1139,1
0,0,0,1136,1
0,0,0,1136,1
0,0,0,1139,1
4,2,1,1149,0
0,0,0,1141,1
0,0,0,1146,1
0,0,0,1145,1
0,0,0,1143,1
0,0,0,1141,1
0,0,0,1152,1
0,0,0,1148,1
0,0,0,1151,1
0,0,0,1136,1
1,1,2,1114,0
0,0,0,1119,1
0,0,0,1110,1
0,0,0,1113,1
0,0,0,1108,1
0,0,0,1107,1
2,1,1,1103,0
0,0,0,1107,1
2,1,1,1104,0
0,0,0,1105,0
0,0,0,1103,1
0,0,0,1104,1
0,0,0,1104,1
0,0,0,1099,1
0,0,0,1100,1
0,0,0,1095,1
0,0,0,1089,1
3,3,1,1104,0
0,0,0,1091,1
0,0,0,1088,1
0,0,0,1091,1
0,0,0,1091,1
0,0,0,1077,1
0,0,0,1088,1
0,0,0,1089,1
0,0,0,1086,1
0,0,0,1082,1
0,0,0,1088,1
0,0,0,1082,1
0,0,0,1083,1
0,0,0,1084,1
5,4,1,1083,0
0,0,0,1074,1
0,0,0,1083,1
0,0,0,1087,1
0,0,0,1087,1
0,0,0,1088,1
3,3,1,1079,0
0,0,0,1087,1
0,0,0,1074,1
0,0,0,1078,1
0,0,0,1080,1
0,0,0,1077,1
0,0,0,1075,1
4,2,1,1078,0
0,0,0,1076,1
0,0,0,1074,1
2,1,1,1073,0
0,0,0,1087,0
0,0,0,1074,1
0,0,0,1075,1
0,0,0,1078,1
0,0,0,1097,0
2,1,1,1088,1
0,0,0,1093,0
0,0,0,1089,0
0,0,0,1087,0
0,0,0,1088,0
0,0,0,1088,0
2,1,1,1089,1
0,0,0,1088,0
0,0,0,1094,0
5,4,1,1084,1
0,0,0,1088,0
0,0,0,1322,0
0,0,0,1167,1
0,0,0,1099,1
2,1,2,848,0
0,0,0,1055,0
0,0,0,839,0
0,0,0,899,0
0,0,0,902,1
0,0,0,898,1
0,0,0,896,1
2,1,2,880,1
0,0,0,890,0
0,0,0,879,0
0,0,0,874,1
0,0,0,871,1
2,1,1,868,0
0,0,0,867,1
2,1,1,997,0
0,0,0,868,0
0,0,0,997,0
0,0,0,999,0
0,0,0,993,0
3,3,1,987,0
0,0,0,989,1
0,0,0,989,1
0,0,0,984,1
0,0,0,984,1
2,1,2,991,1
0,0,0,979,0
0,0,0,993,0
0,0,0,986,1
0,0,0,987,1
0,0,0,987,1
0,0,0,987,1
0,0,0,987,1
0,0,0,982,1
0,0,0,981,1
0,0,0,983,1
0,0,0,982,1
0,0,0,982,1
3,3,1,982,1
0,0,0,978,1
2,1,2,977,1
0,0,0,972,0
0,0,0,975,0
0,0,0,977,0
0,0,0,969,1
0,0,0,971,1
0,0,0,973,1
0,0,0,975,1
0,0,0,971,1
2,1,1,967,0
4,2,1,969,1
0,0,0,975,0
0,0,0,971,0
0,0,0,963,0
2,1,1,962,0
0,0,0,965,0
0,0,0,964,0
0,0,0,960,1
0,0,0,961,0
0,0,0,962,0
2,1,2,960,1
0,0,0,963,0
0,0,0,958,1
0,0,0,950,1
3,3,1,959,0
0,0,0,950,1
0,0,0,965,1
0,0,0,968,1
0,0,0,978,1
4,2,1,976,0
0,0,0,971,1
0,0,0,971,1
0,0,0,968,1
0,0,0,970,1
0,0,0,974,1
2,1,2,962,1
0,0,0,978,0
4,2,1,948,0
0,0,0,922,0
0,0,0,960,1
0,0,0,953,1
2,1,2,971,1
0,0,0,993,0
0,0,0,969,0
0,0,0,970,0
3,3,1,965,0
0,0,0,963,1
2,1,2,976,1
0,0,0,974,0
0,0,0,983,0
0,0,0,976,0
0,0,0,976,0
3,3,1,971,0
0,0,0,974,1
0,0,0,976,1
0,0,0,976,1
4,2,1,977,0
0,0,0,976,1
0,0,0,990,1
0,0,0,989,1
0,0,0,985,1
0,0,0,985,1
0,0,0,988,1
2,1,2,976,1
4,2,1,978,1
0,0,0,991,0
0,0,0,979,0
0,0,0,976,0
5,4,1,978,1
0,0,0,978,0
2,1,2,977,1
0,0,0,977,0
0,0,0,979,0
0,0,0,979,0
0,0,0,977,0
2,1,2,831,1
1,1,1,979,1
0,0,0,981,0
1,1,1,975,0
0,0,0,4095,1
0,0,0,986,1
0,0,0,985,1
0,0,0,987,1
2,1,1,989,0
5,4,1,982,0
0,0,0,990,0
0,0,0,995,1
0,0,0,990,1
0,0,0,989,1
1,1,1,995,0
0,0,0,987,1
1,1,1,995,0
0,0,0,4095,1
0,0,0,995,1
0,0,0,987,1
0,0,0,989,1
0,0,0,991,1
0,0,0,990,1
4,2,1,983,0
0,0,0,987,1
0,0,0,1002,1
0,0,0,990,1
5,4,1,989,0
0,0,0,985,1
0,0,0,987,1
0,0,0,990,1
0,0,0,991,1
0,0,0,987,1
0,0,0,990,1
2,1,2,992,1
4,2,1,990,1
0,0,0,994,0
0,0,0,991,0
0,0,0,993,0
0,0,0,986,1
0,0,0,986,1
0,0,0,991,1
0,0,0,985,1
2,1,1,993,1
0,0,0,987,1
2,1,1,987,0
0,0,0,991,0
0,0,0,989,1
0,0,0,987,1
0,0,0,991,1
0,0,0,992,1
0,0,0,990,1
5,4,1,1007,0
0,0,0,993,1
0,0,0,1003,1
0,0,0,1008,1
2,1,1,1008,0
0,0,0,1007,1
2,1,1,1005,0
0,0,0,1008,0
0,0,0,1009,0
0,0,0,1008,0
0,0,0,1008,0
0,0,0,1006,1
2,1,2,1011,1
0,0,0,1011,0
0,0,0,1013,0
0,0,0,1007,1
0,0,0,1008,1
0,0,0,1009,1
0,0,0,1007,1
0,0,0,1007,1
1,1,1,1037,0
0,0,0,1031,1
1,1,2,1008,0
0,0,0,4095,1
2,1,2,1004,0
0,0,0,1012,0
0,0,0,1008,1
0,0,0,1008,1
0,0,0,1008,1
1,1,2,1008,0
0,0,0,1007,1
0,0,0,1009,1
0,0,0,1008,1
4,2,1,1005,0
0,0,0,1008,1
0,0,0,1008,1
0,0,0,1008,1
0,0,0,1005,1
0,0,0,1087,1
0,0,0,1008,1
0,0,0,1005,1
2,1,2,1013,1
0,0,0,1007,1
2,1,2,1011,1
0,0,0,1014,0
0,0,0,1012,0
0,0,0,1012,0
0,0,0,1010,0
0,0,0,1006,1
0,0,0,1009,1
0,0,0,997,1
0,0,0,993,1
0,0,0,994,1
2,1,2,991,1
0,0,0,1003,0
0,0,0,998,0
0,0,0,994,0
0,0,0,1003,1
0,0,0,1007,1
0,0,0,974,1
0,0,0,1007,1
0,0,0,1009,1
5,4,1,1002,0
0,0,0,1008,1
0,0,0,1005,1
0,0,0,1007,1
0,0,0,1008,1
0,0,0,1008,1
2,1,1,1008,0
0,0,0,1009,1
2,1,1,1006,0
0,0,0,1008,0
0,0,0,1005,1
0,0,0,1008,1
2,1,1,1007,0
0,0,0,1005,1
2,1,2,1011,1
0,0,0,1040,0
0,0,0,1006,0
0,0,0,1008,0
0,0,0,1008,0
0,0,0,1008,0
2,1,2,1011,1
2,1,2,1011,1
0,0,0,1009,0
0,0,0,1009,0
0,0,0,1006,0
2,1,2,1012,1
4,2,1,1011,1
0,0,0,1010,0
0,0,0,1010,0
0,0,0,1010,0
0,0,0,1009,0
2,1,2,1015,1
0,0,0,1009,0
0,0,0,1010,0
0,0,0,1008,0
0,0,0,1010,0
0,0,0,1014,0
2,1,2,1001,1
0,0,0,1002,0
0,0,0,1005,0
0,0,0,1003,0
4,2,1,1011,1
0,0,0,1013,0
2,1,2,1013,1
0,0,0,1011,0
0,0,0,1015,0
0,0,0,1009,0
0,0,0,1019,0
4,2,1,1011,1
0,0,0,1014,0
2,1,2,1015,1
0,0,0,1013,0
0,0,0,1013,0
0,0,0,1019,0
0,0,0,1011,0
0,0,0,1011,0
2,1,2,1013,1
1,1,2,1015,1
0,0,0,1010,0
0,0,0,1023,0
0,0,0,1017,0
2,1,2,962,1
5,4,1,970,0
0,0,0,1037,0
0,0,0,971,1
0,0,0,977,0
0,0,0,979,0
2,1,2,983,1
0,0,0,981,0
0,0,0,982,0
0,0,0,986,0
5,4,1,982,0
0,0,0,976,1
0,0,0,981,1
2,1,2,982,0
0,0,0,987,0
0,0,0,979,1
0,0,0,976,1
0,0,0,980,1
0,0,0,983,1
0,0,0,982,1
4,2,1,976,0
0,0,0,979,1
0,0,0,953,1
0,0,0,981,1
2,1,2,985,1
0,0,0,989,0
0,0,0,988,0
0,0,0,983,0
4,2,1,980,1
0,0,0,987,0
2,1,2,986,1
0,0,0,983,0
0,0,0,978,1
0,0,0,978,1
0,0,0,978,1
4,2,1,978,0
0,0,0,977,1
0,0,0,976,1
0,0,0,977,1
0,0,0,978,1
0,0,0,983,1
0,0,0,978,1
5,4,1,976,0
0,0,0,979,1
0,0,0,981,1
0,0,0,978,1
0,0,0,979,1
4,2,1,977,0
0,0,0,977,1
0,0,0,980,1
0,0,0,978,1
0,0,0,974,1
2,1,2,978,0
0,0,0,989,0
0,0,0,981,1
0,0,0,980,1
3,3,1,976,0
0,0,0,977,1
0,0,0,983,1
0,0,0,979,1
0,0,0,986,1
0,0,0,982,1
0,0,0,986,1
1,1,1,875,0
0,0,0,1067,1
1,1,1,1225,1
2,1,1,3665,0
0,0,0,4095,0
1,1,2,3782,1
2,1,2,3805,1
0,0,0,3632,0
1,1,2,3834,0
0,0,0,3835,1
0,0,0,3834,1
0,0,0,3827,1
4,2,1,3824,0
0,0,0,3828,1
1,1,2,3822,0
0,0,0,3826,1
0,0,0,3828,1
0,0,0,3821,1
0,0,0,3824,1
0,0,0,3823,1
1,1,2,3836,1
1,1,2,3820,1
0,0,0,3822,1
2,1,2,3831,1
0,0,0,3810,0
1,1,2,3837,1
2,1,2,3814,1
0,0,0,3851,0
1,1,2,3931,0
2,1,1,3875,0
0,0,0,3810,0
1,1,2,4095,0
4,2,1,3933,0
0,0,0,3878,1
2,1,1,4095,1
0,0,0,4095,0
1,1,2,3968,1
2,1,2,1173,1
0,0,0,4095,0
0,0,0,1449,0
0,0,0,1210,0
0,0,0,1154,0
0,0,0,1267,0
2,1,2,1387,1
4,2,1,1355,1
0,0,0,1270,0
0,0,0,1255,0
0,0,0,1193,0
0,0,0,1184,0
2,1,2,1126,1
0,0,0,1168,0
0,0,0,1151,0
0,0,0,1101,1
0,0,0,1180,1
0,0,0,1249,0
2,1,2,1219,1
0,0,0,1223,0
0,0,0,1223,0
0,0,0,1222,0
0,0,0,1214,0
0,0,0,1186,0
2,1,2,1231,1
2,1,2,1231,1
0,0,0,1221,0
0,0,0,1249,0
0,0,0,1256,0
2,1,2,1227,1
5,4,1,1217,1
0,0,0,1232,0
0,0,0,1232,0
0,0,0,1233,0
0,0,0,1243,0
2,1,2,1219,1
5,4,1,1239,1
0,0,0,1243,0
0,0,0,1243,0
0,0,0,1246,0
0,0,0,1242,0
2,1,1,1324,0
0,0,0,1232,0
0,0,0,1307,0
4,2,1,1314,0
0,0,0,1309,0
0,0,0,1226,0
2,1,2,1290,1
0,0,0,1282,0
0,0,0,1284,0
0,0,0,1287,0
0,0,0,1286,0
0,0,0,1281,0
2,1,1,1281,1
0,0,0,1286,0
0,0,0,1246,0
0,0,0,1234,0
0,0,0,1037,0
0,0,0,1054,0
2,1,2,806,1
0,0,0,960,0
0,0,0,850,0
0,0,0,848,0
0,0,0,848,0
0,0,0,850,0
2,1,2,848,1
1,1,1,852,1
0,0,0,851,0
1,1,1,755,1
2,1,1,834,0
0,0,0,4095,0
0,0,0,748,0
0,0,0,1021,1
0,0,0,1006,1
0,0,0,977,1
2,1,2,881,1
0,0,0,892,0
0,0,0,848,0
0,0,0,880,0
0,0,0,890,1
0,0,0,870,0
2,1,1,895,1
0,0,0,884,0
0,0,0,761,0
0,0,0,914,0
0,0,0,759,0
0,0,0,772,0
2,1,2,777,1
0,0,0,752,0
0,0,0,747,0
0,0,0,684,0
0,0,0,688,0
0,0,0,751,0
2,1,2,567,1
0,0,0,678,0
0,0,0,619,0
0,0,0,660,0
0,0,0,686,0
0,0,0,741,0
2,1,2,737,1
0,0,0,747,0
0,0,0,735,0
0,0,0,800,0
0,0,0,791,0
0,0,0,784,0
2,1,1,765,1
2,1,2,726,1
0,0,0,784,0
0,0,0,838,1
0,0,0,800,0
0,0,0,842,1
2,1,2,802,1
0,0,0,659,0
0,0,0,814,0
0,0,0,867,0
0,0,0,857,0
4,2,1,789,1
0,0,0,839,0
2,1,2,795,1
0,0,0,785,0
0,0,0,752,0
0,0,0,801,0
0,0,0,806,0
0,0,0,690,0
2,1,1,943,0
0,0,0,835,0
0,0,0,750,0
0,0,0,786,0
0,0,0,734,0
0,0,0,743,0
2,1,1,762,1
0,0,0,763,0
0,0,0,741,1
0,0,0,735,1
0,0,0,728,1
0,0,0,721,0
2,1,2,714,1
0,0,0,720,0
0,0,0,714,1
0,0,0,717,0
0,0,0,719,0
0,0,0,720,0
2,1,2,699,1
4,2,1,694,1
0,0,0,711,0
0,0,0,682,0
0,0,0,679,0
5,4,1,672,0
0,0,0,678,0
0,0,0,674,1
2,1,1,665,0
0,0,0,611,0
0,0,0,656,1
0,0,0,661,1
0,0,0,662,0
0,0,0,668,1
2,1,1,666,0
0,0,0,668,0
0,0,0,660,1
0,0,0,668,0
0,0,0,677,0
0,0,0,675,0
2,1,2,906,1
0,0,0,649,0
0,0,0,910,0
0,0,0,909,1
0,0,0,891,1
0,0,0,883,1
0,0,0,881,1
0,0,0,886,1
2,1,1,893,0
0,0,0,890,0
0,0,0,900,0
0,0,0,902,0
0,0,0,898,1
0,0,0,910,1
0,0,0,906,1
2,1,2,887,1
0,0,0,896,0
0,0,0,883,0
0,0,0,878,0
0,0,0,862,0
0,0,0,867,0
2,1,2,874,1
0,0,0,858,0
0,0,0,854,0
0,0,0,866,1
0,0,0,867,1
0,0,0,874,1
0,0,0,875,1
2,1,1,719,0
3,3,1,784,1
0,0,0,813,0
0,0,0,772,0
0,0,0,768,0
0,0,0,767,0
2,1,2,755,0
1,1,1,768,0
0,0,0,771,0
1,1,1,765,0
0,0,0,4095,1
0,0,0,760,1
0,0,0,762,1
0,0,0,762,1
0,0,0,765,1
2,1,2,769,1
3,3,1,767,0
0,0,0,769,0
0,0,0,765,1
0,0,0,768,1
0,0,0,770,1
0,0,0,763,1
0,0,0,769,1
0,0,0,774,1
0,0,0,769,1
0,0,0,768,1
3,3,1,768,0
0,0,0,769,1
0,0,0,769,1
2,1,2,774,1
5,4,1,778,1
0,0,0,773,0
0,0,0,777,0
0,0,0,774,1
0,0,0,768,1
2,1,1,767,0
5,4,1,769,0
0,0,0,773,0
0,0,0,773,0
0,0,0,774,0
0,0,0,774,0
0,0,0,818,1
5,4,1,768,0
0,0,0,770,1
2,1,1,769,0
0,0,0,775,0
0,0,0,769,1
0,0,0,767,1
0,0,0,762,1
0,0,0,769,1
0,0,0,777,1
0,0,0,772,1
2,1,2,785,0
5,4,1,773,0
0,0,0,779,0
0,0,0,767,1
0,0,0,750,1
0,0,0,773,0
0,0,0,772,1
2,1,2,778,1
0,0,0,775,0
0,0,0,753,0
0,0,0,777,0
0,0,0,779,0
0,0,0,773,1
0,0,0,772,1
0,0,0,775,1
0,0,0,772,1
0,0,0,774,1
0,0,0,774,1
0,0,0,778,1
0,0,0,776,1
3,3,1,770,0
0,0,0,775,1
0,0,0,781,1
0,0,0,781,1
0,0,0,782,1
0,0,0,780,1
0,0,0,775,1
0,0,0,816,1
2,1,1,768,0
0,0,0,770,1
2,1,1,769,0
0,0,0,767,0
0,0,0,767,1
0,0,0,772,1
0,0,0,769,1
0,0,0,773,1
0,0,0,772,1
4,2,1,768,0
0,0,0,768,1
0,0,0,773,1
0,0,0,767,1
0,0,0,774,1
0,0,0,770,1
0,0,0,773,1
0,0,0,769,1
2,1,1,768,0
0,0,0,770,1
2,1,1,774,0
0,0,0,775,0
0,0,0,774,1
0,0,0,775,1
0,0,0,774,1
0,0,0,779,1
0,0,0,778,1
0,0,0,779,1
3,3,1,778,0
0,0,0,781,1
0,0,0,682,1
0,0,0,769,1
0,0,0,777,1
0,0,0,781,1
1,1,1,778,0
0,0,0,779,1
1,1,1,780,0
0,0,0,4095,1
0,0,0,782,1
0,0,0,780,1
0,0,0,780,1
5,4,1,711,0
0,0,0,778,1
0,0,0,779,1
0,0,0,776,1
0,0,0,769,1
0,0,0,775,1
0,0,0,781,1
0,0,0,774,1
0,0,0,775,1
2,1,1,773,0
0,0,0,793,1
2,1,1,775,0
0,0,0,773,0
0,0,0,781,1
0,0,0,782,1
0,0,0,785,1
0,0,0,775,1
0,0,0,781,1
1,1,1,772,0
0,0,0,771,1
1,1,1,773,0
0,0,0,4095,1
0,0,0,769,1
0,0,0,773,1
0,0,0,773,1
0,0,0,770,1
0,0,0,768,1
0,0,0,772,1
3,3,1,771,0
0,0,0,769,1
0,0,0,771,1
0,0,0,769,1
0,0,0,758,1
0,0,0,773,1
4,2,1,772,0
0,0,0,772,1
0,0,0,776,1
0,0,0,771,1
0,0,0,768,1
0,0,0,770,1
0,0,0,770,1
0,0,0,774,1
0,0,0,771,1
0,0,0,771,1
0,0,0,771,1
3,3,1,767,0
0,0,0,769,1
0,0,0,767,1
0,0,0,768,1
5,4,1,768,0
0,0,0,674,1
0,0,0,764,1
0,0,0,766,1
0,0,0,767,1
1,1,1,765,0
0,0,0,762,1
1,1,1,766,0
0,0,0,4095,1
0,0,0,765,1
0,0,0,779,1
0,0,0,779,1
0,0,0,767,1
0,0,0,766,1
0,0,0,764,1
0,0,0,766,1
0,0,0,768,1
0,0,0,769,1
3,3,1,766,0
0,0,0,763,1
2,1,2,779,1
0,0,0,775,0
0,0,0,772,0
0,0,0,772,0
0,0,0,770,0
0,0,0,775,0
2,1,2,773,1
0,0,0,777,0
0,0,0,778,0
2,1,2,770,1
0,0,0,768,0
2,1,2,774,1
0,0,0,773,0
0,0,0,773,0
0,0,0,774,0
3,3,1,773,1
0,0,0,777,0
2,1,2,769,0
0,0,0,773,0
0,0,0,768,1
0,0,0,1443,1
1,1,2,4095,1
0,0,0,4095,1
2,1,2,4095,1
0,0,0,4095,0
1,1,2,4095,1
2,1,2,4095,1
0,0,0,4095,0
1,1,2,4095,1
2,1,2,4095,1
0,0,0,4095,0
1,1,2,4095,1
2,1,2,4095,1
0,0,0,4095,0
1,1,2,4095,1
2,1,2,4095,1
0,0,0,4095,0
1,1,2,4095,1
2,1,1,4095,0
0,0,0,4095,0
0,0,0,1360,1
0,0,0,1171,1
0,0,0,1176,1
0,0,0,1177,1
0,0,0,1173,1
0,0,0,1157,1
5,4,1,1162,1
0,0,0,1153,1
2,1,2,1157,1
0,0,0,1158,0
0,0,0,1147,0
0,0,0,1143,0
0,0,0,1152,0
0,0,0,1152,0
2,1,2,1152,1
2,1,2,1153,1
0,0,0,1151,0
0,0,0,1161,0
0,0,0,1168,0
2,1,2,1207,1
0,0,0,1195,0
0,0,0,1207,0
0,0,0,1210,0
0,0,0,1211,0
4,2,1,1239,1
0,0,0,1232,0
2,1,2,1251,1
0,0,0,1243,0
0,0,0,1253,0
0,0,0,1249,0
0,0,0,1259,0
0,0,0,1262,0
2,1,2,1265,1
3,3,1,1279,1
0,0,0,1261,0
0,0,0,1275,1
0,0,0,1277,1
0,0,0,1282,1
0,0,0,1282,1
2,1,2,1293,1
3,3,1,1290,1
0,0,0,1287,0
0,0,0,1287,0
0,0,0,1279,0
0,0,0,1295,0
2,1,1,1283,0
0,0,0,1291,0
0,0,0,1232,0
0,0,0,1270,1
0,0,0,1277,0
0,0,0,1294,0
2,1,2,1264,1
0,0,0,1276,0
0,0,0,1265,0
2,1,2,1264,1
0,0,0,1258,1
2,1,2,1262,1
0,0,0,1264,0
0,0,0,1261,0
4,2,1,1261,0
0,0,0,1258,1
0,0,0,1258,1
2,1,2,1258,1
0,0,0,1261,0
0,0,0,1258,0
0,0,0,1250,0
0,0,0,1251,0
0,0,0,1255,0
2,1,2,1250,1
0,0,0,1249,0
5,4,1,1254,1
0,0,0,1251,0
0,0,0,1250,0
0,0,0,1243,1
0,0,0,1246,1
0,0,0,1247,1
0,0,0,1245,1
0,0,0,1250,1
5,4,1,1250,0
0,0,0,1253,1
0,0,0,1250,1
0,0,0,1247,1
0,0,0,1250,1
0,0,0,1249,1
5,4,1,1261,1
0,0,0,1256,1
2,1,2,1254,1
0,0,0,1245,0
0,0,0,1250,0
0,0,0,1249,1
0,0,0,1253,0
0,0,0,1242,1
0,0,0,1245,1
0,0,0,1242,1
0,0,0,1248,1
0,0,0,1244,1
0,0,0,1242,1
1,1,2,1243,0
0,0,0,1242,1
0,0,0,1245,1
2,1,2,1245,0
0,0,0,1253,0
0,0,0,1243,1
0,0,0,1246,1
0,0,0,1247,1
0,0,0,1247,1
0,0,0,1246,1
0,0,0,1249,1
0,0,0,1258,1
3,3,1,1244,0
0,0,0,1242,1
0,0,0,1247,1
0,0,0,1248,1
0,0,0,1249,1
0,0,0,1242,1
0,0,0,1250,1
2,1,1,1249,0
0,0,0,1246,1
2,1,1,1275,0
0,0,0,1244,0
0,0,0,1254,0
0,0,0,1255,0
0,0,0,1252,1
0,0,0,1263,0
2,1,2,1375,0
2,1,1,1256,0
0,0,0,1261,0
0,0,0,1253,0
0,0,0,1249,1
0,0,0,1251,1
0,0,0,1253,1
4,2,1,1258,0
0,0,0,1255,1
0,0,0,1256,1
0,0,0,1247,1
0,0,0,1254,1
0,0,0,1411,1
2,1,2,1258,1
0,0,0,1261,0
0,0,0,1257,0
0,0,0,1255,1
0,0,0,1257,1
0,0,0,1255,0
2,1,1,1234,1
0,0,0,1249,0
0,0,0,1237,1
0,0,0,1241,0
0,0,0,1239,0
0,0,0,1235,0
2,1,2,1234,1
1,1,2,1237,1
0,0,0,1236,0
0,0,0,1232,1
0,0,0,1232,1
0,0,0,1232,1
1,1,2,1237,0
0,0,0,1232,1
0,0,0,1235,1
0,0,0,1242,1
1,1,2,1242,1
0,0,0,1238,1
2,1,2,1248,1
0,0,0,1244,0
0,0,0,1251,0
0,0,0,1251,0
0,0,0,1250,0
3,3,1,1254,1
0,0,0,1249,0
0,0,0,1249,1
0,0,0,1204,1
0,0,0,1219,1
0,0,0,1060,1
0,0,0,937,1
1,1,2,4095,1
0,0,0,4095,1
2,1,2,4095,1
0,0,0,4095,0
1,1,2,4095,1
2,1,2,4095,1
0,0,0,4095,0
1,1,2,4095,1
2,1,2,4095,1
0,0,0,4095,0
1,1,2,4095,1
2,1,2,4095,1
0,0,0,4095,0
1,1,2,4095,1
2,1,2,4095,1
0,0,0,4095,0
1,1,2,4095,1
2,1,2,4095,0
0,0,0,4095,0
1,1,2,4095,1
2,1,2,4095,1
0,0,0,4095,0
1,1,2,4095,1
2,1,2,4095,1
0,0,0,4095,0
1,1,2,4095,1
2,1,2,4095,1
0,0,0,4095,0
1,1,2,4095,1
2,1,2,4095,1
0,0,0,4095,0
1,1,2,4095,1
2,1,2,4095,1
0,0,0,4095,0
1,1,2,4095,0
2,1,1,1403,0
5,4,1,1343,0
0,0,0,4095,0
0,0,0,1353,1
0,0,0,1355,1
0,0,0,1362,0
2,1,2,1345,1
0,0,0,1347,0
1,1,2,1339,1
0,0,0,1339,0
0,0,0,1338,0
2,1,2,1263,1
0,0,0,1326,0
0,0,0,1263,0
4,2,1,1259,1
0,0,0,1259,0
0,0,0,1259,0
2,1,2,1258,1
0,0,0,1259,0
0,0,0,1258,0
0,0,0,1259,0
4,2,1,1259,1
0,0,0,1265,1
2,1,2,1251,1
0,0,0,1249,0
0,0,0,1249,0
5,4,1,1243,0
0,0,0,1248,0
0,0,0,1246,1
2,1,2,1246,1
4,2,1,1247,1
0,0,0,1248,0
0,0,0,1245,0
0,0,0,1247,0
0,0,0,1246,0
2,1,2,1249,1
0,0,0,1245,0
0,0,0,1246,0
4,2,1,1243,1
0,0,0,1248,0
0,0,0,1264,0
2,1,2,1249,1
0,0,0,1244,0
0,0,0,1243,0
0,0,0,1245,0
0,0,0,1238,0
2,1,1,1238,0
5,4,1,1241,0
0,0,0,1247,0
0,0,0,1237,1
0,0,0,1252,1
0,0,0,1242,1
0,0,0,1244,1
0,0,0,1243,1
0,0,0,1239,1
0,0,0,1247,1
0,0,0,1243,1
0,0,0,1243,1
0,0,0,1246,1
5,4,1,1246,1
0,0,0,1241,1
2,1,2,1248,1
0,0,0,1241,0
0,0,0,1241,0
0,0,0,1251,0
0,0,0,1249,0
0,0,0,1245,0
2,1,2,1238,0
4,2,1,1243,1
0,0,0,1241,0
0,0,0,1239,1
0,0,0,1239,1
0,0,0,1232,1
2,1,2,1237,1
0,0,0,1239,0
3,3,1,1234,0
0,0,0,1232,1
0,0,0,1233,1
0,0,0,1241,0
2,1,2,1235,1
0,0,0,1235,0
0,0,0,1231,1
0,0,0,1233,1
0,0,0,1235,1
0,0,0,1237,1
0,0,0,1232,1
0,0,0,1232,1
0,0,0,1237,1
5,4,1,1235,0
0,0,0,1236,1
0,0,0,1232,1
0,0,0,1232,1
0,0,0,1232,1
0,0,0,1232,1
0,0,0,1234,1
0,0,0,1235,1
1,1,2,1248,0
0,0,0,1231,1
0,0,0,1238,1
0,0,0,1243,1
0,0,0,1239,1
0,0,0,1232,1
0,0,0,1238,1
0,0,0,1236,1
5,4,1,1232,0
0,0,0,1232,1
0,0,0,1235,1
0,0,0,1232,1
5,4,1,1234,0
0,0,0,1233,1
0,0,0,1233,1
0,0,0,1233,1
0,0,0,1242,1
0,0,0,1231,1
0,0,0,1232,1
2,1,2,1233,1
0,0,0,1243,0
0,0,0,1238,0
0,0,0,1235,0
0,0,0,1234,0
0,0,0,1236,0
0,0,0,1232,1
0,0,0,1233,1
0,0,0,1232,1
0,0,0,1232,1
0,0,0,1229,1
0,0,0,1233,1
0,0,0,1233,1
0,0,0,1233,1
0,0,0,1232,1
1,1,2,1232,0
0,0,0,1232,1
0,0,0,1233,1
0,0,0,1231,1
0,0,0,1253,1
0,0,0,1232,1
1,1,2,1234,0
0,0,0,1232,1
0,0,0,1231,1
0,0,0,1229,1
0,0,0,1235,1
0,0,0,1231,1
0,0,0,1232,1
4,2,1,1232,0
0,0,0,1228,1
0,0,0,1232,1
0,0,0,1229,1
0,0,0,1231,1
0,0,0,1228,1
0,0,0,1226,1
0,0,0,1222,1
0,0,0,1225,1
0,0,0,1222,1
0,0,0,1219,1
0,0,0,1221,1
0,0,0,1216,1
0,0,0,1222,1
0,0,0,1222,1
0,0,0,1219,1
0,0,0,1216,1
4,2,1,1226,0
0,0,0,1218,1
0,0,0,1221,1
0,0,0,1219,1
0,0,0,1224,1
0,0,0,1222,1
0,0,0,1221,1
1,1,2,1218,0
0,0,0,1218,1
0,0,0,1212,1
0,0,0,1220,1
0,0,0,1221,1
4,2,1,1216,0
0,0,0,1216,1
0,0,0,1218,1
0,0,0,1216,1
0,0,0,1221,1
0,0,0,1222,1
0,0,0,1218,1
0,0,0,1220,1
2,1,2,1226,1
3,3,1,1223,1
0,0,0,1223,0
0,0,0,1221,0
0,0,0,1219,0
0,0,0,1219,0
2,1,2,1224,1
0,0,0,1223,0
1,1,2,1221,1
0,0,0,1219,0
0,0,0,1219,0
2,1,2,1221,1
0,0,0,1218,0
0,0,0,1217,0
0,0,0,1215,1
0,0,0,1216,1
0,0,0,1218,0
2,1,2,1223,1
0,0,0,1221,0
0,0,0,1222,0
1,1,2,1217,0
0,0,0,1217,0
0,0,0,1214,1
0,0,0,1216,1
0,0,0,1216,1
2,1,1,1219,0
0,0,0,1214,1
2,1,1,1218,0
0,0,0,1213,0
0,0,0,1215,1
0,0,0,1221,1
4,2,1,1209,0
0,0,0,1219,1
0,0,0,1216,1
0,0,0,1218,1
0,0,0,1216,1
0,0,0,1217,1
2,1,1,1216,0
0,0,0,1211,1
2,1,1,1215,0
0,0,0,1216,0
0,0,0,1216,1
0,0,0,1216,1
0,0,0,1217,1
0,0,0,1216,1
4,2,1,1212,0
0,0,0,1214,1
0,0,0,1217,1
0,0,0,1214,1
0,0,0,1214,1
0,0,0,1215,1
4,2,1,1214,0
0,0,0,1213,1
0,0,0,1214,1
0,0,0,1217,1
0,0,0,1214,1
2,1,2,1219,1
0,0,0,1218,0
0,0,0,1220,0
0,0,0,1216,0
0,0,0,1216,0
0,0,0,1216,0
2,1,2,1217,1
0,0,0,1218,0
0,0,0,1217,0
2,1,2,1216,0
0,0,0,1217,0
2,1,2,1222,1
0,0,0,1219,0
0,0,0,1218,0
0,0,0,1219,0
0,0,0,1221,0
1,1,2,1219,1
0,0,0,1219,0
2,1,1,1216,0
0,0,0,1217,0
0,0,0,1214,1
0,0,0,1216,1
0,0,0,1216,1
0,0,0,1213,1
0,0,0,1216,1
0,0,0,1215,1
2,1,2,1218,0
1,1,2,1213,0
0,0,0,1217,0
0,0,0,1214,1
0,0,0,1212,1
0,0,0,1214,1
0,0,0,1205,1
0,0,0,1205,1
0,0,0,1216,1
0,0,0,1209,1
0,0,0,1210,1
0,0,0,1202,1
0,0,0,1206,1
2,1,1,1204,0
0,0,0,1207,1
2,1,1,1207,0
0,0,0,1206,0
0,0,0,1203,1
0,0,0,1211,1
0,0,0,1203,1
0,0,0,1206,1
4,2,1,1205,0
0,0,0,1203,1
0,0,0,1204,1
0,0,0,1207,1
0,0,0,1212,1
0,0,0,1207,1
2,1,1,1210,1
0,0,0,1212,0
0,0,0,1207,0
0,0,0,1210,0
5,4,1,1206,1
0,0,0,1200,0
2,1,2,1210,1
0,0,0,1211,0
0,0,0,1207,0
0,0,0,1205,1
0,0,0,1202,1
0,0,0,1205,1
0,0,0,1202,1
0,0,0,1203,1
0,0,0,1205,1
5,4,1,1200,0
0,0,0,1203,1
0,0,0,1202,1
0,0,0,1205,1
0,0,0,1202,1
0,0,0,1201,1
0,0,0,1199,1
0,0,0,1205,1
1,1,2,1205,0
0,0,0,1203,1
0,0,0,1200,1
0,0,0,1206,1
0,0,0,1201,1
0,0,0,1204,1
3,3,1,1202,0
0,0,0,1233,1
0,0,0,1201,1
0,0,0,1205,1
0,0,0,1203,1
0,0,0,1203,1
0,0,0,1205,1
0,0,0,1203,1
2,1,1,1200,0
0,0,0,1203,1
2,1,1,1202,0
0,0,0,1200,0
0,0,0,1206,0
0,0,0,1206,0
0,0,0,1208,0
0,0,0,1206,0
2,1,1,1202,0
0,0,0,1210,0
0,0,0,1200,1
0,0,0,1214,1
2,1,1,1207,1
0,0,0,1200,1
2,1,2,1205,1
0,0,0,1180,0
0,0,0,1205,0
0,0,0,1200,0
0,0,0,1208,0
0,0,0,1209,0
2,1,2,1211,1
0,0,0,1219,0
0,0,0,1209,0
0,0,0,1338,0
0,0,0,1207,0
0,0,0,1211,0
2,1,2,1206,1
0,0,0,1207,0
4,2,1,1203,0
0,0,0,1200,1
0,0,0,1202,1
0,0,0,1202,1
0,0,0,1201,1
0,0,0,1203,1
0,0,0,1200,1
0,0,0,1200,1
2,1,1,1205,0
0,0,0,1207,0
0,0,0,1203,1
0,0,0,1201,1
0,0,0,1201,1
0,0,0,1209,1
2,1,1,1205,0
0,0,0,1210,0
0,0,0,1207,1
0,0,0,1203,1
0,0,0,1202,1
0,0,0,1204,1
3,3,1,1202,0
0,0,0,1201,1
0,0,0,1205,1
0,0,0,1204,1
0,0,0,1205,1
0,0,0,1203,1
0,0,0,1204,1
0,0,0,1207,1
2,1,1,1203,0
0,0,0,1200,1
2,1,1,1202,0
0,0,0,1206,0
0,0,0,1202,1
0,0,0,1207,1
0,0,0,1203,1
0,0,0,1208,1
0,0,0,1205,1
0,0,0,1202,1
3,3,1,1200,0
0,0,0,1205,1
2,1,2,1207,1
0,0,0,1211,0
0,0,0,1200,1
0,0,0,1225,1
0,0,0,1206,1
0,0,0,1205,1
0,0,0,1204,1
0,0,0,1201,1
1,1,2,1202,0
0,0,0,1201,1
0,0,0,1202,1
0,0,0,1208,1
0,0,0,1203,1
0,0,0,1203,1
0,0,0,1205,1
0,0,0,1203,1
0,0,0,1206,1
0,0,0,1202,1
0,0,0,1202,1
1,1,2,1211,1
0,0,0,1200,1
2,1,2,1210,1
0,0,0,1209,0
0,0,0,1207,0
0,0,0,1216,0
0,0,0,1211,0
0,0,0,1203,1
0,0,0,1205,1
0,0,0,1200,1
0,0,0,1201,1
0,0,0,1207,1
3,3,1,1202,0
0,0,0,1200,1
2,1,2,1216,1
0,0,0,1212,0
0,0,0,1213,0
0,0,0,1205,1
0,0,0,1212,1
2,1,1,1207,0
0,0,0,1204,1
2,1,1,1206,0
0,0,0,1210,0
0,0,0,1219,1
0,0,0,1208,1
0,0,0,1210,1
0,0,0,1208,1
1,1,2,1203,0
0,0,0,1206,1
2,1,1,1206,0
0,0,0,1214,0
0,0,0,1202,1
0,0,0,1210,1
0,0,0,1207,1
0,0,0,1023,0
0,0,0,450,1
0,0,0,117,1
0,0,0,117,1
0,0,0,119,1
0,0,0,115,1
2,1,2,133,1
0,0,0,137,0
0,0,0,131,0
0,0,0,131,0
0,0,0,135,0
0,0,0,134,0
2,1,2,135,1
0,0,0,137,0
4,2,1,121,0
0,0,0,117,1
0,0,0,121,1
0,0,0,119,1
0,0,0,119,1
0,0,0,123,1
0,0,0,127,1
0,0,0,123,1
0,0,0,123,1
0,0,0,118,1
0,0,0,125,1
3,3,1,121,0
0,0,0,122,1
0,0,0,122,1
0,0,0,123,1
0,0,0,122,1
0,0,0,124,1
0,0,0,122,1
0,0,0,123,1
0,0,0,124,1
0,0,0,123,1
4,2,1,137,1
0,0,0,121,1
2,1,2,139,1
0,0,0,133,0
0,0,0,139,0
0,0,0,138,0
0,0,0,137,0
0,0,0,129,0
2,1,2,134,1
4,2,1,137,1
0,0,0,137,0
0,0,0,138,0
0,0,0,138,0
3,3,1,123,0
0,0,0,121,1
0,0,0,122,1
0,0,0,123,1
0,0,0,125,1
0,0,0,124,1
0,0,0,126,1
0,0,0,125,1
0,0,0,128,1
0,0,0,124,1
0,0,0,128,1
0,0,0,127,1
0,0,0,126,1
0,0,0,128,1
2,1,1,124,0
0,0,0,123,1
2,1,1,126,0
0,0,0,122,0
0,0,0,123,1
0,0,0,122,1
0,0,0,123,1
0,0,0,124,1
2,1,1,123,0
0,0,0,137,0
0,0,0,121,1
0,0,0,141,0
0,0,0,139,0
0,0,0,137,0
5,4,1,250,0
0,0,0,125,1
2,1,2,1307,1
0,0,0,1638,0
0,0,0,1323,0
0,0,0,1333,0
0,0,0,1354,0
0,0,0,1298,0
2,1,2,1123,1
2,1,2,1239,1
0,0,0,1290,0
0,0,0,1233,0
0,0,0,1200,0
2,1,2,1255,1
0,0,0,1297,0
0,0,0,1245,0
0,0,0,1219,0
0,0,0,1212,0
0,0,0,1249,0
2,1,2,1071,1
0,0,0,1206,0
0,0,0,1039,0
0,0,0,999,0
0,0,0,1106,0
0,0,0,1114,0
2,1,2,955,1
0,0,0,1145,0
0,0,0,957,0
0,0,0,1181,0
0,0,0,999,0
0,0,0,1100,0
2,1,2,1161,1
0,0,0,1232,0
0,0,0,1105,1
0,0,0,1081,0
0,0,0,1110,1
0,0,0,1090,0
0,0,0,1072,1
0,0,0,1072,1
0,0,0,1055,1
0,0,0,1058,1
0,0,0,1062,1
1,1,2,1057,0
0,0,0,1059,1
0,0,0,1059,1
0,0,0,1050,1
0,0,0,1054,1
0,0,0,1058,1
4,2,1,1046,0
0,0,0,1050,1
0,0,0,1042,1
0,0,0,1043,1
0,0,0,1044,1
0,0,0,1044,1
0,0,0,1048,1
0,0,0,1047,1
0,0,0,1043,1
0,0,0,1050,1
0,0,0,1054,1
0,0,0,1055,1
0,0,0,1055,1
0,0,0,1051,1
1,1,2,1047,0
0,0,0,1045,1
0,0,0,1042,1
0,0,0,1045,1
2,1,2,1050,1
0,0,0,1059,0
0,0,0,1053,0
0,0,0,1047,0
0,0,0,1051,0
0,0,0,1050,0
2,1,1,1040,0
0,0,0,1049,0
0,0,0,1039,1
0,0,0,1037,1
0,0,0,1040,1
0,0,0,1037,1
2,1,1,1035,0
0,0,0,1033,1
2,1,1,1037,0
0,0,0,1034,0
0,0,0,1033,1
0,0,0,1038,1
0,0,0,1039,0
0,0,0,1035,0
2,1,2,1038,1
0,0,0,1036,0
2,1,1,1021,0
0,0,0,1037,0
0,0,0,1023,0
0,0,0,1021,1
0,0,0,1019,1
2,1,2,1039,1
0,0,0,1040,0
0,0,0,1036,0
0,0,0,1040,0
0,0,0,1040,0
0,0,0,1039,0
2,1,1,1034,0
1,1,2,1037,1
0,0,0,1040,0
0,0,0,1040,0
0,0,0,1041,0
2,1,1,1023,0
5,4,1,944,0
0,0,0,1040,0
0,0,0,950,1
0,0,0,935,1
0,0,0,933,1
0,0,0,938,1
0,0,0,930,1
2,1,2,939,1
0,0,0,941,0
0,0,0,924,1
0,0,0,925,0
0,0,0,935,0
0,0,0,941,0
2,1,2,939,1
0,0,0,942,0
0,0,0,938,0
0,0,0,925,0
0,0,0,933,0
0,0,0,938,0
2,1,1,913,0
4,2,1,997,0
0,0,0,911,0
0,0,0,998,1
0,0,0,976,1
0,0,0,985,1
0,0,0,990,1
0,0,0,987,1
0,0,0,979,1
0,0,0,967,1
0,0,0,967,1
0,0,0,973,1
2,1,1,972,0
0,0,0,978,0
0,0,0,963,1
0,0,0,965,1
0,0,0,967,1
0,0,0,958,1
0,0,0,970,1
0,0,0,987,1
0,0,0,1013,1
0,0,0,1008,1
0,0,0,1008,1
0,0,0,1009,1
0,0,0,1012,1
0,0,0,1019,1
0,0,0,1019,1
5,4,1,998,0
0,0,0,1009,1
0,0,0,1011,1
0,0,0,997,1
0,0,0,1005,1
0,0,0,1005,1
5,4,1,1002,0
0,0,0,998,1
0,0,0,1003,1
0,0,0,992,1
0,0,0,1006,1
0,0,0,1004,1
0,0,0,1001,1
4,2,1,994,0
0,0,0,996,1
0,0,0,992,1
0,0,0,1002,1
0,0,0,1006,1
0,0,0,1006,1
0,0,0,998,1
0,0,0,994,1
3,3,1,999,1
0,0,0,990,1
0,0,0,997,1
0,0,0,1002,1
0,0,0,1002,1
2,1,1,1002,0
3,3,1,993,0
0,0,0,1007,0
0,0,0,1003,1
0,0,0,1010,1
0,0,0,1002,1
0,0,0,1003,1
1,1,1,995,0
0,0,0,994,1
1,1,1,994,0
0,0,0,4095,1
0,0,0,1007,1
0,0,0,1002,1
0,0,0,997,1
0,0,0,998,1
0,0,0,983,1
0,0,0,1004,1
0,0,0,1003,1
0,0,0,999,1
0,0,0,1002,1
2,1,2,1008,1
0,0,0,1009,0
0,0,0,1008,0
0,0,0,1006,1
0,0,0,1007,1
0,0,0,1008,1
0,0,0,1005,1
0,0,0,1004,1
0,0,0,996,1
2,1,2,1005,1
0,0,0,997,0
0,0,0,1002,0
0,0,0,1007,0
0,0,0,1002,0
0,0,0,1008,0
0,0,0,1000,1
0,0,0,988,1
0,0,0,1006,1
0,0,0,997,1
3,3,1,1005,0
0,0,0,976,1
0,0,0,981,1
0,0,0,969,1
0,0,0,978,1
0,0,0,986,1
0,0,0,997,1
0,0,0,999,1
0,0,0,992,1
0,0,0,991,1
0,0,0,995,1
0,0,0,996,1
2,1,2,1066,1
0,0,0,1043,1
0,0,0,1049,1
0,0,0,1047,1
0,0,0,1053,1
0,0,0,1059,1
0,0,0,1057,1
0,0,0,1047,1
0,0,0,1040,1
2,1,1,1045,0
0,0,0,1052,1
2,1,1,1019,0
0,0,0,1018,0
0,0,0,1021,1
0,0,0,1013,1
0,0,0,1009,1
0,0,0,1023,1
0,0,0,1015,1
0,0,0,1020,1
5,4,1,1010,0
0,0,0,1008,1
0,0,0,1014,1
0,0,0,1014,1
0,0,0,1009,1
2,1,1,1105,0
0,0,0,1037,1
2,1,1,1002,0
0,0,0,1008,0
0,0,0,1005,1
0,0,0,1002,1
0,0,0,1001,1
0,0,0,1008,1
0,0,0,1010,1
0,0,0,1014,1
0,0,0,1008,1
1,1,1,1003,0
0,0,0,1002,1
1,1,2,1009,1
0,0,0,4095,1
2,1,2,999,1
0,0,0,1004,0
0,0,0,999,0
0,0,0,998,0
0,0,0,998,0
0,0,0,1002,0
3,3,1,994,0
0,0,0,995,1
0,0,0,994,1
0,0,0,992,1
0,0,0,991,1
0,0,0,992,1
0,0,0,990,1
0,0,0,998,1
0,0,0,953,1
0,0,0,995,1
0,0,0,1006,1
0,0,0,993,1
0,0,0,990,1
0,0,0,989,1
0,0,0,987,1
0,0,0,992,1
0,0,0,1008,1
0,0,0,991,1
0,0,0,993,1
0,0,0,989,1
0,0,0,991,1
0,0,0,989,1
0,0,0,985,1
2,1,2,979,1
4,2,1,977,1
0,0,0,982,0
0,0,0,976,0
0,0,0,976,0
0,0,0,976,0
2,1,2,989,1
2,1,2,982,1
0,0,0,976,0
0,0,0,976,0
0,0,0,1004,0
3,3,1,1008,1
0,0,0,985,1
2,1,2,990,1
0,0,0,969,0
0,0,0,994,0
0,0,0,978,0
0,0,0,986,0
0,0,0,983,0
2,1,2,971,1
0,0,0,973,0
0,0,0,986,0
3,3,1,986,1
0,0,0,967,0
0,0,0,1005,0
2,1,2,989,1
0,0,0,1008,0
0,0,0,985,0
0,0,0,978,0
0,0,0,999,0
5,4,1,1037,1
0,0,0,918,0
2,1,1,1008,0
0,0,0,1022,0
0,0,0,960,0
0,0,0,986,1
2,1,1,965,1
0,0,0,958,0
2,1,2,948,1
0,0,0,944,0
0,0,0,961,1
0,0,0,969,1
0,0,0,953,1
0,0,0,959,1
0,0,0,950,1
0,0,0,971,1
5,4,1,1006,0
0,0,0,991,1
2,1,1,993,1
0,0,0,998,0
0,0,0,966,1
0,0,0,973,1
0,0,0,974,1
0,0,0,976,1
0,0,0,969,1
2,1,1,970,0
0,0,0,993,0
0,0,0,987,1
0,0,0,970,1
0,0,0,971,1
0,0,0,970,1
4,2,1,1022,0
0,0,0,995,1
0,0,0,1010,1
0,0,0,976,1
0,0,0,999,1
0,0,0,1006,1
0,0,0,1015,1
0,0,0,1001,1
0,0,0,1008,1
0,0,0,1006,1
0,0,0,1008,1
0,0,0,989,1
3,3,1,1023,0
0,0,0,1005,1
0,0,0,1041,1
0,0,0,990,1
0,0,0,1040,1
0,0,0,1046,1
0,0,0,1046,1
0,0,0,1037,1
2,1,2,989,1
0,0,0,983,0
0,0,0,981,0
0,0,0,994,0
0,0,0,987,0
0,0,0,985,0
2,1,2,981,1
0,0,0,982,0
0,0,0,976,0
1,1,1,969,0
0,0,0,976,0
1,1,1,976,1
2,1,2,967,1
0,0,0,4095,0
0,0,0,986,0
0,0,0,971,0
0,0,0,961,0
0,0,0,966,0
2,1,2,959,0
5,4,1,957,0
0,0,0,958,0
0,0,0,956,1
0,0,0,955,1
0,0,0,965,0
2,1,2,970,1
0,0,0,969,0
0,0,0,966,1
0,0,0,964,1
0,0,0,975,0
2,1,1,1022,0
0,0,0,972,0
0,0,0,974,1
0,0,0,992,1
0,0,0,970,1
0,0,0,972,1
0,0,0,974,1
0,0,0,973,1
0,0,0,1009,1
2,1,1,972,0
0,0,0,989,1
2,1,2,956,1
0,0,0,953,0
0,0,0,954,0
0,0,0,1008,0
0,0,0,960,0
0,0,0,1022,0
2,1,2,1013,1
5,4,1,1005,0
0,0,0,1012,0
0,0,0,992,1
0,0,0,1007,1
0,0,0,1002,1
0,0,0,1003,1
0,0,0,1008,1
0,0,0,1021,1
0,0,0,1018,1
0,0,0,1019,1
5,4,1,1034,0
0,0,0,1040,1
0,0,0,1023,1
0,0,0,1018,1
0,0,0,1019,1
0,0,0,1018,1
0,0,0,1019,1
0,0,0,1015,1
0,0,0,1013,1
0,0,0,1035,1
0,0,0,1036,1
3,3,1,1023,0
0,0,0,1021,1
0,0,0,1013,1
0,0,0,1013,1
0,0,0,953,1
0,0,0,956,1
4,2,1,976,0
0,0,0,960,1
0,0,0,962,1
0,0,0,958,1
0,0,0,962,1
0,0,0,962,1
0,0,0,961,1
0,0,0,959,1
0,0,0,955,1
0,0,0,959,1
0,0,0,963,1
0,0,0,951,1
0,0,0,956,1
0,0,0,954,1
0,0,0,967,1
0,0,0,963,1
0,0,0,967,1
0,0,0,959,1
0,0,0,961,1
0,0,0,960,1
0,0,0,959,1
0,0,0,948,1
3,3,1,958,0
0,0,0,955,1
0,0,0,954,1
0,0,0,955,1
0,0,0,960,1
2,1,1,955,0
0,0,0,963,0
0,0,0,945,1
0,0,0,961,0
0,0,0,962,0
0,0,0,955,0
5,4,1,959,0
0,0,0,960,1
2,1,2,957,1
0,0,0,964,0
0,0,0,960,0
0,0,0,995,0
2,1,2,970,1
0,0,0,964,0
2,1,2,970,1
0,0,0,975,0
0,0,0,967,0
0,0,0,963,0
0,0,0,972,0
2,1,1,963,0
0,0,0,967,0
0,0,0,963,1
0,0,0,966,1
0,0,0,967,1
0,0,0,960,1
0,0,0,960,1
0,0,0,960,1
0,0,0,959,1
3,3,1,972,0
0,0,0,966,1
0,0,0,976,1
0,0,0,976,1
0,0,0,971,1
0,0,0,970,1
0,0,0,966,1
0,0,0,971,1
0,0,0,971,1
0,0,0,976,1
0,0,0,990,1
0,0,0,978,1
0,0,0,993,1
0,0,0,993,1
0,0,0,992,1
0,0,0,992,1
5,4,1,994,0
0,0,0,991,1
0,0,0,989,1
0,0,0,992,1
0,0,0,996,1
0,0,0,991,1
0,0,0,992,1
2,1,2,1005,1
0,0,0,1001,0
0,0,0,990,1
0,0,0,994,1
0,0,0,996,1
0,0,0,995,1
0,0,0,993,1
0,0,0,1002,1
2,1,2,1008,1
0,0,0,1003,0
0,0,0,1006,0
2,1,1,994,0
0,0,0,996,1
0,0,0,997,0
0,0,0,1001,1
0,0,0,999,1
0,0,0,997,1
0,0,0,1001,1
2,1,2,1006,1
0,0,0,992,0
0,0,0,999,1
0,0,0,1005,1
0,0,0,994,1
0,0,0,997,1
0,0,0,996,1
2,1,2,1002,1
0,0,0,1005,0
0,0,0,996,1
0,0,0,997,1
0,0,0,997,1
0,0,0,997,1
0,0,0,996,1
0,0,0,995,1
0,0,0,995,1
2,1,2,1008,1
0,0,0,1006,0
0,0,0,1001,1
0,0,0,1005,1
0,0,0,1002,1
0,0,0,1001,1
4,2,1,996,0
0,0,0,1002,1
0,0,0,999,1
0,0,0,996,1
0,0,0,1002,1
0,0,0,1002,1
0,0,0,998,1
1,1,1,995,0
0,0,0,992,1
0,0,0,1003,1
0,0,0,1000,1
0,0,0,997,1
0,0,0,1008,1
0,0,0,1001,1
0,0,0,998,1
0,0,0,999,1
0,0,0,1006,1
0,0,0,1005,1
0,0,0,1008,1
0,0,0,1008,1
2,1,1,1008,0
0,0,0,1003,1
2,1,1,1006,0
0,0,0,1002,0
0,0,0,999,1
0,0,0,1021,1
0,0,0,1006,1
0,0,0,1008,1
0,0,0,1008,1
2,1,2,1021,1
3,3,1,1013,1
0,0,0,1014,0
0,0,0,1006,0
0,0,0,1013,0
0,0,0,1011,0
2,1,2,1015,1
0,0,0,1013,0
0,0,0,1013,0
0,0,0,1021,0
0,0,0,1022,0
0,0,0,1016,0
2,1,2,1018,1
0,0,0,1022,0
0,0,0,1013,0
0,0,0,1017,0
0,0,0,1013,0
0,0,0,1023,0
2,1,2,1015,1
0,0,0,1023,0
0,0,0,1011,0
0,0,0,1014,0
0,0,0,1018,0
0,0,0,1022,0
2,1,2,1022,1
0,0,0,1023,0
0,0,0,1014,0
0,0,0,1031,0
0,0,0,1015,0
0,0,0,1013,0
2,1,2,1022,1
0,0,0,1013,0
0,0,0,1019,0
0,0,0,1013,0
0,0,0,1020,0
0,0,0,1018,0
2,1,2,1023,1
0,0,0,1023,0
0,0,0,1019,0
0,0,0,1023,0
0,0,0,1018,0
0,0,0,1015,0
2,1,2,1009,1
0,0,0,1014,0
0,0,0,1008,0
0,0,0,1015,0
0,0,0,1019,0
0,0,0,1038,0
2,1,2,1008,1
0,0,0,1018,0
0,0,0,1013,0
0,0,0,998,0
4,2,1,1003,1
0,0,0,1011,0
2,1,2,1010,1
0,0,0,1008,0
0,0,0,1003,0
0,0,0,1023,0
0,0,0,1015,0
0,0,0,1011,0
2,1,1,987,0
3,3,1,1007,0
0,0,0,1007,0
0,0,0,1039,1
0,0,0,1056,1
0,0,0,1056,1
2,1,2,1059,1
0,0,0,1061,0
0,0,0,1058,0
0,0,0,1058,0
5,4,1,1057,1
0,0,0,1057,0
2,1,2,1063,1
0,0,0,1061,0
0,0,0,1062,0
0,0,0,1060,0
0,0,0,1061,0
0,0,0,1058,0
2,1,1,1050,0
1,1,2,1040,0
0,0,0,1058,0
0,0,0,1040,1
0,0,0,1043,1
0,0,0,1040,1
0,0,0,992,1
5,4,1,1020,0
0,0,0,1014,1
0,0,0,997,1
0,0,0,999,1
0,0,0,985,1
0,0,0,1008,1
0,0,0,981,1
0,0,0,1004,1
0,0,0,997,1
5,4,1,988,0
0,0,0,1009,1
0,0,0,987,1
0,0,0,987,1
0,0,0,987,1
0,0,0,975,1
0,0,0,988,1
0,0,0,987,1
0,0,0,982,1
0,0,0,991,1
0,0,0,979,1
0,0,0,988,1
0,0,0,988,1
0,0,0,983,1
0,0,0,990,1
0,0,0,973,1
0,0,0,976,1
0,0,0,992,1
0,0,0,1003,1
0,0,0,998,1
0,0,0,1004,1
0,0,0,988,1
0,0,0,987,1
0,0,0,994,1
0,0,0,977,1
0,0,0,1031,1
0,0,0,979,1
0,0,0,981,1
0,0,0,997,1
0,0,0,996,1
0,0,0,985,1
0,0,0,967,1
0,0,0,1036,1
2,1,1,994,0
0,0,0,985,1
2,1,1,996,0
0,0,0,1005,0
0,0,0,976,1
0,0,0,997,1
0,0,0,992,1
0,0,0,978,1
0,0,0,975,1
0,0,0,982,1
0,0,0,967,1
0,0,0,977,1
0,0,0,977,1
0,0,0,967,1
0,0,0,975,1
0,0,0,976,1
0,0,0,975,1
0,0,0,974,1
0,0,0,990,1
0,0,0,989,1
0,0,0,979,1
0,0,0,979,1
0,0,0,991,1
0,0,0,980,1
0,0,0,979,1
0,0,0,985,1
2,1,1,982,0
0,0,0,979,0
0,0,0,981,1
0,0,0,982,1
1,1,1,976,0
0,0,0,978,1
1,1,1,978,0
0,0,0,4095,1
0,0,0,978,1
0,0,0,981,1
0,0,0,980,1
0,0,0,979,1
0,0,0,979,1
0,0,0,977,1
0,0,0,976,1
2,1,1,976,0
0,0,0,977,1
2,1,1,982,0
0,0,0,983,0
0,0,0,977,1
0,0,0,999,1
0,0,0,1002,1
0,0,0,999,1
0,0,0,993,1
0,0,0,974,1
0,0,0,976,1
0,0,0,990,1
0,0,0,991,1
0,0,0,991,1
0,0,0,1004,1
0,0,0,1023,1
0,0,0,1007,1
0,0,0,998,1
0,0,0,1006,1
0,0,0,1005,1
0,0,0,995,1
0,0,0,1008,1
0,0,0,1005,1
0,0,0,1015,1
0,0,0,1013,1
0,0,0,1008,1
0,0,0,1009,1
0,0,0,1037,1
0,0,0,1045,1
0,0,0,1040,1
0,0,0,1041,1
0,0,0,1041,1
0,0,0,1008,1
0,0,0,1003,1
0,0,0,1053,1
0,0,0,1047,1
0,0,0,1053,1
0,0,0,1053,1
0,0,0,1050,1
0,0,0,1047,1
0,0,0,1050,1
0,0,0,1051,1
0,0,0,1048,1
0,0,0,1047,1
0,0,0,1051,1
0,0,0,1048,1
0,0,0,1042,1
0,0,0,1044,1
0,0,0,1044,1
0,0,0,1043,1
0,0,0,937,1
0,0,0,1041,1
0,0,0,1047,1
0,0,0,1046,1
0,0,0,1043,1
0,0,0,1039,1
0,0,0,1041,1
0,0,0,1042,1
0,0,0,1042,1
0,0,0,1040,1
0,0,0,1040,1
0,0,0,1040,1
0,0,0,1041,1
0,0,0,1040,1
0,0,0,1023,1
0,0,0,981,1
0,0,0,999,1
0,0,0,983,1
0,0,0,1037,1
0,0,0,1022,1
0,0,0,1075,1
0,0,0,1058,1
0,0,0,1048,1
0,0,0,1046,1
0,0,0,1015,1
0,0,0,1008,1
0,0,0,1008,1
0,0,0,1003,1
0,0,0,1031,1
0,0,0,1038,1
0,0,0,1042,1
0,0,0,1030,1
0,0,0,1009,1
0,0,0,1023,1
0,0,0,1011,1
0,0,0,1009,1
0,0,0,1014,1
0,0,0,1014,1
0,0,0,1041,1
0,0,0,1051,1
0,0,0,1041,1
0,0,0,1039,1
0,0,0,1031,1
0,0,0,998,1
0,0,0,1008,1
0,0,0,1002,1
0,0,0,1002,1
0,0,0,1011,1
0,0,0,1038,1
0,0,0,1008,1
5,4,1,1023,0
0,0,0,1051,1
0,0,0,1008,1
0,0,0,1008,1
0,0,0,1041,1
0,0,0,1086,1
0,0,0,1042,1
0,0,0,1041,1
0,0,0,1052,1
3,3,1,1056,0
0,0,0,1054,1
2,1,2,1056,1
0,0,0,1066,0
0,0,0,1057,0
0,0,0,1063,0
0,0,0,1060,0
0,0,0,1059,0
4,2,1,994,0
0,0,0,1049,1
0,0,0,1051,1
0,0,0,1055,1
0,0,0,1050,1
0,0,0,1053,1
0,0,0,1047,1
5,4,1,1049,0
0,0,0,1053,1
0,0,0,1057,1
0,0,0,1055,1
0,0,0,1053,1
2,1,1,1046,0
0,0,0,1048,1
2,1,1,1050,0
0,0,0,1044,0
0,0,0,1077,1
0,0,0,1078,0
0,0,0,1056,0
1,1,2,1072,1
0,0,0,1060,0
2,1,1,1071,0
0,0,0,1077,0
0,0,0,1072,1
0,0,0,1123,1
0,0,0,1094,1
0,0,0,1063,1
0,0,0,1069,1
0,0,0,1063,1
0,0,0,1060,1
0,0,0,1055,1
4,2,1,1055,0
0,0,0,1066,1
0,0,0,1047,1
0,0,0,1049,1
0,0,0,1050,1
0,0,0,1041,1
2,1,2,1072,1
0,0,0,1083,0
0,0,0,1072,0
0,0,0,1072,0
2,1,2,1070,1
0,0,0,1075,0
2,1,2,1075,1
0,0,0,1076,0
0,0,0,1071,0
0,0,0,1072,0
0,0,0,1064,0
0,0,0,1066,0
2,1,2,1066,1
0,0,0,1063,0
3,3,1,1058,0
0,0,0,1019,1
0,0,0,1056,1
0,0,0,1051,1
0,0,0,1056,1
0,0,0,1050,1
0,0,0,1047,1
0,0,0,1039,1
0,0,0,1045,1
3,3,1,1054,0
0,0,0,1045,1
2,1,2,1071,1
0,0,0,1085,0
0,0,0,1067,0
0,0,0,1066,0
0,0,0,1068,0
2,1,1,1056,0
2,1,1,1057,0
0,0,0,1071,0
0,0,0,1046,0
0,0,0,1054,0
0,0,0,1045,0
2,1,2,1041,1
0,0,0,1043,0
3,3,1,1043,1
0,0,0,1051,0
0,0,0,1040,1
0,0,0,1049,1
0,0,0,1045,1
0,0,0,1049,1
0,0,0,1047,1
0,0,0,1074,1
0,0,0,1073,1
5,4,1,1106,0
0,0,0,1069,1
0,0,0,1083,1
0,0,0,1095,1
0,0,0,1110,1
0,0,0,1075,1
0,0,0,1047,1
0,0,0,1092,1
0,0,0,1066,1
0,0,0,1067,1
0,0,0,1062,1
0,0,0,1072,1
5,4,1,1088,0
0,0,0,1067,1
0,0,0,1115,1
2,1,2,1072,1
0,0,0,1088,0
0,0,0,1072,0
0,0,0,1050,0
0,0,0,1045,0
0,0,0,1052,0
2,1,2,1104,1
0,0,0,1046,0
0,0,0,1103,0
0,0,0,1114,0
3,3,1,1120,0
0,0,0,1018,1
0,0,0,1088,1
0,0,0,1055,1
0,0,0,1031,1
0,0,0,1063,1
0,0,0,1081,1
2,1,2,1043,1
0,0,0,1054,0
0,0,0,1040,0
0,0,0,1035,0
0,0,0,1044,0
0,0,0,1049,0
1,1,2,1052,0
0,0,0,1046,1
0,0,0,1040,1
0,0,0,1095,1
0,0,0,1098,1
0,0,0,1097,1
0,0,0,1058,1
0,0,0,1086,1
0,0,0,983,1
0,0,0,1008,1
0,0,0,1075,1
0,0,0,1108,1
0,0,0,1118,1
0,0,0,1229,1
0,0,0,1232,1
1,1,2,1169,0
0,0,0,1194,1
2,1,2,1157,1
0,0,0,1168,0
0,0,0,1146,1
0,0,0,1147,1
0,0,0,1159,0
0,0,0,957,0
2,1,2,1141,1
0,0,0,1110,0
0,0,0,1138,0
0,0,0,1134,0
0,0,0,1136,0
0,0,0,1136,0
2,1,1,1136,0
5,4,1,1142,0
0,0,0,1141,0
0,0,0,1163,1
0,0,0,1167,1
0,0,0,1200,1
0,0,0,1169,1
0,0,0,1163,1
0,0,0,1150,1
0,0,0,1143,1
0,0,0,1145,1
0,0,0,1141,1
0,0,0,1149,1
0,0,0,1141,1
2,1,1,1133,0
0,0,0,1146,0
0,0,0,1131,1
0,0,0,1134,1
0,0,0,1138,1
2,1,1,1119,0
0,0,0,1126,0
0,0,0,1117,1
0,0,0,1120,1
0,0,0,1119,1
0,0,0,1120,1
0,0,0,1123,1
0,0,0,1118,1
0,0,0,1119,1
0,0,0,1125,1
0,0,0,1122,1
2,1,1,1122,0
4,2,1,1119,0
0,0,0,1127,0
0,0,0,1119,1
0,0,0,1117,1
0,0,0,1115,1
0,0,0,1113,1
2,1,1,1113,0
0,0,0,1122,0
0,0,0,1108,1
0,0,0,1107,1
5,4,1,1104,0
0,0,0,1104,1
0,0,0,1104,1
0,0,0,1104,1
0,0,0,1106,1
0,0,0,1104,1
0,0,0,1104,1
0,0,0,1104,1
0,0,0,1104,1
0,0,0,1104,1
0,0,0,1106,1
0,0,0,1111,1
2,1,1,1109,0
0,0,0,1125,0
0,0,0,1106,1
0,0,0,1111,1
4,2,1,1117,0
0,0,0,1117,1
0,0,0,1119,1
0,0,0,1116,1
0,0,0,1117,1
0,0,0,1115,1
0,0,0,1115,1
0,0,0,1113,1
0,0,0,1115,1
0,0,0,1117,1
0,0,0,1109,1
0,0,0,1114,1
0,0,0,1120,1
0,0,0,1123,1
0,0,0,1123,1
0,0,0,1121,1
0,0,0,1126,1
0,0,0,1129,1
2,1,1,1197,0
0,0,0,1136,1
2,1,1,1126,0
0,0,0,1136,0
0,0,0,1119,1
0,0,0,1121,1
0,0,0,1122,1
0,0,0,1117,1
0,0,0,1121,1
0,0,0,1114,1
5,4,1,1115,0
0,0,0,1118,1
0,0,0,1120,1
0,0,0,1119,1
2,1,2,1119,1
0,0,0,1129,0
0,0,0,1104,1
0,0,0,1104,1
0,0,0,1104,1
2,1,1,1104,0
0,0,0,1111,0
0,0,0,1104,0
0,0,0,1104,0
0,0,0,1097,0
4,2,1,1104,0
0,0,0,1102,1
0,0,0,1101,1
0,0,0,1093,1
0,0,0,1095,1
0,0,0,1200,1
1,1,2,3938,0
0,0,0,3920,1
0,0,0,3927,1
0,0,0,3932,1
0,0,0,1554,1
0,0,0,0,1
2,1,2,0,1
0,0,0,0,0
0,0,0,0,0
0,0,0,0,0
0,0,0,0,0
0,0,0,0,0
2,1,2,0,1
0,0,0,0,0
0,0,0,0,0
0,0,0,0,0
1,1,1,0,1
0,0,0,3973,1
2,1,2,1877,0
0,0,0,1758,0
0,0,0,1535,0
0,0,0,1328,0
0,0,0,1291,0
0,0,0,1701,0
0,0,0,307,1
0,0,0,297,1
0,0,0,304,1
1,1,2,1936,0
0,0,0,2162,1
0,0,0,2113,1
0,0,0,1695,1
0,0,0,131,1
0,0,0,141,1
0,0,0,144,1
2,1,2,161,1
0,0,0,164,0
0,0,0,145,1
0,0,0,150,1
0,0,0,146,1
0,0,0,150,1
0,0,0,147,1
0,0,0,144,1
2,1,1,151,0
4,2,1,147,0
0,0,0,163,0
0,0,0,155,1
0,0,0,153,1
0,0,0,151,1
0,0,0,158,1
0,0,0,157,1
0,0,0,153,1
0,0,0,157,1
2,1,2,166,1
0,0,0,171,0
0,0,0,174,0
0,0,0,159,0
2,1,2,165,1
0,0,0,176,0
2,1,2,175,1
0,0,0,169,0
0,0,0,160,0
0,0,0,176,0
0,0,0,174,0
0,0,0,178,0
2,1,2,176,1
3,3,1,177,1
0,0,0,176,0
0,0,0,180,0
0,0,0,181,0
0,0,0,176,0
2,1,2,176,1
3,3,1,176,1
0,0,0,171,0
0,0,0,175,0
0,0,0,175,0
0,0,0,170,0
0,0,0,151,1
2,1,2,170,1
0,0,0,165,0
0,0,0,167,0
0,0,0,168,0
0,0,0,170,0
0,0,0,167,0
2,1,2,171,1
0,0,0,170,0
0,0,0,161,0
0,0,0,171,0
0,0,0,170,0
0,0,0,167,0
2,1,2,167,1
3,3,1,166,1
0,0,0,170,0
0,0,0,171,0
0,0,0,166,0
0,0,0,177,0
2,1,2,181,1
1,1,1,177,1
0,0,0,178,0
1,1,1,176,1
2,1,2,179,1
0,0,0,4095,0
0,0,0,181,0
0,0,0,181,0
0,0,0,178,0
0,0,0,182,0
2,1,2,181,1
0,0,0,185,0
0,0,0,178,0
0,0,0,165,1
0,0,0,166,1
0,0,0,169,1
0,0,0,168,1
0,0,0,162,1
0,0,0,166,1
0,0,0,161,1
0,0,0,162,1
0,0,0,175,1
0,0,0,162,1
0,0,0,160,1
0,0,0,165,1
0,0,0,167,1
0,0,0,161,1
0,0,0,163,1
0,0,0,163,1
0,0,0,169,1
0,0,0,161,1
0,0,0,161,1
0,0,0,167,1
0,0,0,159,1
0,0,0,165,1
0,0,0,167,1
5,4,1,165,0
0,0,0,165,1
0,0,0,172,1
0,0,0,170,1
0,0,0,166,1
0,0,0,165,1
0,0,0,170,1
0,0,0,164,1
0,0,0,167,1
0,0,0,163,1
0,0,0,167,1
0,0,0,242,1
0,0,0,154,1
0,0,0,162,1
0,0,0,169,1
0,0,0,162,1
0,0,0,1535,1
0,0,0,1554,1
1,1,2,4095,0
0,0,0,4095,1
0,0,0,4095,1
0,0,0,4095,1
0,0,0,4095,1
0,0,0,4082,1
1,1,2,4095,0
0,0,0,4095,1
0,0,0,4095,1
0,0,0,4095,1
0,0,0,4005,1
0,0,0,4095,1
1,1,2,4095,0
3,3,1,4095,0
0,0,0,4095,1
0,0,0,4095,1
0,0,0,4095,1
0,0,0,4095,1
1,1,2,4095,0
0,0,0,4095,1
0,0,0,4095,1
0,0,0,4095,1
0,0,0,4095,1
0,0,0,4095,1
1,1,2,4095,0
2,1,1,4095,0
0,0,0,4095,0
1,1,2,4095,0
0,0,0,4095,1
0,0,0,4095,1
0,0,0,4095,1
0,0,0,4095,1
0,0,0,4095,1
1,1,2,4095,0
0,0,0,4095,1
0,0,0,4095,1
0,0,0,4095,1
0,0,0,4095,1
0,0,0,4095,1
1,1,2,4095,0
0,0,0,4095,1
0,0,0,4095,1
0,0,0,4095,1
0,0,0,4095,1
2,1,2,4095,1
0,0,0,4095,0
1,1,2,4095,1
2,1,1,4034,0
0,0,0,4095,0
1,1,2,3731,0
0,0,0,3856,1
0,0,0,3763,1
0,0,0,3778,1
0,0,0,3792,1
0,0,0,3771,1
1,1,2,4048,0
0,0,0,3839,1
0,0,0,1819,1
0,0,0,1801,1
0,0,0,1777,1
0,0,0,1776,1
2,1,1,1680,0
0,0,0,1686,0
0,0,0,1659,1
0,0,0,1585,1
0,0,0,1566,1
0,0,0,1443,0
0,0,0,1519,1
0,0,0,1523,1
0,0,0,1511,1
0,0,0,1511,1
0,0,0,1507,1
0,0,0,1514,1
0,0,0,1510,1
0,0,0,1520,1
0,0,0,1518,1
0,0,0,1517,1
0,0,0,1527,1
4,2,1,1531,0
0,0,0,1498,1
0,0,0,1522,1
0,0,0,1527,1
0,0,0,1531,1
0,0,0,1453,1
0,0,0,1475,1
0,0,0,1473,1
0,0,0,1469,1
0,0,0,1558,1
0,0,0,1559,1
0,0,0,1557,1
0,0,0,1662,1
0,0,0,1630,1
0,0,0,1639,1
0,0,0,1627,1
0,0,0,1637,1
5,4,1,1618,0
0,0,0,1631,1
0,0,0,1618,1
0,0,0,1616,1
0,0,0,1621,1
0,0,0,1617,1
0,0,0,1625,1
4,2,1,1666,0
0,0,0,1646,1
0,0,0,1663,1
0,0,0,1667,1
0,0,0,1669,1
0,0,0,1661,1
0,0,0,1610,1
0,0,0,1590,1
0,0,0,1557,1
0,0,0,1511,1
0,0,0,1507,1
0,0,0,1516,1
0,0,0,1520,1
0,0,0,1511,1
0,0,0,1504,1
0,0,0,1501,1
0,0,0,1509,1
0,0,0,1509,1
0,0,0,1514,1
0,0,0,1522,1
1,1,2,1504,0
0,0,0,1506,1
0,0,0,1510,1
0,0,0,1514,1
0,0,0,1520,1
0,0,0,1525,1
0,0,0,1571,1
0,0,0,1535,1
5,4,1,1569,1
0,0,0,1535,1
2,1,2,1565,1
0,0,0,1535,0
0,0,0,1583,0
0,0,0,1575,0
3,3,1,1505,0
0,0,0,1555,1
0,0,0,1510,1
0,0,0,1523,1
0,0,0,1575,1
2,1,2,1505,1
0,0,0,1519,0
0,0,0,1489,0
0,0,0,1499,0
3,3,1,1362,1
0,0,0,1535,0
2,1,2,1401,1
0,0,0,1392,0
0,0,0,1296,0
0,0,0,1303,0
0,0,0,1155,0
0,0,0,1231,0
2,1,2,952,1
0,0,0,1072,0
0,0,0,949,0
0,0,0,1019,0
0,0,0,1021,0
0,0,0,1019,0
2,1,2,1061,1
0,0,0,1140,0
0,0,0,1069,0
0,0,0,1059,0
0,0,0,1078,0
1,1,2,1069,0
0,0,0,1063,0
2,1,1,1065,0
0,0,0,1040,0
0,0,0,1035,1
0,0,0,1023,1
0,0,0,866,0
0,0,0,865,0
0,0,0,872,1
0,0,0,865,1
0,0,0,862,1
2,1,2,869,1
0,0,0,857,0
0,0,0,870,0
0,0,0,875,0
0,0,0,864,0
0,0,0,861,1
0,0,0,867,1
0,0,0,867,1
0,0,0,881,1
0,0,0,879,1
0,0,0,950,1
3,3,1,964,0
0,0,0,961,1
0,0,0,972,1
0,0,0,965,1
5,4,1,960,0
0,0,0,963,1
0,0,0,964,1
0,0,0,916,1
0,0,0,1050,1
0,0,0,966,1
0,0,0,803,1
0,0,0,931,1
0,0,0,927,1
0,0,0,902,1
0,0,0,974,1
0,0,0,975,1
0,0,0,976,1
0,0,0,947,1
2,1,2,1031,1
0,0,0,944,1
2,1,2,1009,1
0,0,0,1008,0
0,0,0,971,0
0,0,0,962,0
0,0,0,959,0
5,4,1,959,1
0,0,0,959,0
2,1,2,952,1
0,0,0,963,0
0,0,0,954,0
0,0,0,957,0
0,0,0,953,0
5,4,1,959,1
0,0,0,958,0
2,1,1,944,0
0,0,0,961,0
0,0,0,956,1
0,0,0,944,1
0,0,0,943,1
0,0,0,944,1
0,0,0,944,1
0,0,0,945,1
0,0,0,949,1
0,0,0,947,1
1,1,1,944,0
0,0,0,947,1
1,1,1,982,0
0,0,0,4095,1
0,0,0,977,1
0,0,0,960,1
0,0,0,945,1
0,0,0,928,1
0,0,0,933,1
0,0,0,931,1
0,0,0,931,1
1,1,1,939,0
0,0,0,939,1
1,1,1,937,0
0,0,0,4095,1
0,0,0,932,1
0,0,0,931,1
0,0,0,929,1
3,3,1,924,0
0,0,0,934,1
0,0,0,918,1
0,0,0,918,1
0,0,0,927,1
3,3,1,935,0
0,0,0,914,1
0,0,0,933,1
0,0,0,927,1
0,0,0,926,1
0,0,0,926,1
0,0,0,926,1
2,1,2,935,1
4,2,1,922,0
0,0,0,934,0
0,0,0,928,1
0,0,0,944,1
0,0,0,944,0
0,0,0,933,1
0,0,0,934,1
0,0,0,933,1
3,3,1,945,0
0,0,0,945,1
0,0,0,946,1
0,0,0,945,1
0,0,0,938,1
3,3,1,944,0
0,0,0,944,1
0,0,0,942,1
0,0,0,943,1
0,0,0,948,1
0,0,0,951,1
0,0,0,948,1
0,0,0,948,1
0,0,0,953,1
0,0,0,952,1
0,0,0,949,1
0,0,0,950,1
2,1,2,973,1
0,0,0,967,0
0,0,0,960,1
0,0,0,962,1
0,0,0,962,1
0,0,0,960,1
0,0,0,961,1
0,0,0,961,1
0,0,0,1008,1
2,1,1,991,0
0,0,0,1053,0
0,0,0,987,0
0,0,0,977,1
0,0,0,982,0
0,0,0,987,0
0,0,0,976,1
0,0,0,978,1
2,1,2,992,1
0,0,0,985,0
0,0,0,992,0
0,0,0,999,0
0,0,0,996,1
0,0,0,986,1
1,1,1,990,0
0,0,0,992,1
1,1,1,992,0
0,0,0,4095,1
0,0,0,993,1
0,0,0,987,1
0,0,0,991,1
5,4,1,1015,0
0,0,0,1008,1
0,0,0,1014,1
0,0,0,1011,1
0,0,0,1010,1
0,0,0,1014,1
2,1,1,1009,0
0,0,0,1014,1
2,1,1,1005,0
0,0,0,1009,0
0,0,0,992,1
0,0,0,1001,1
0,0,0,999,1
3,3,1,994,0
0,0,0,994,1
0,0,0,997,1
0,0,0,996,1
0,0,0,1008,1
0,0,0,1008,1
3,3,1,1008,0
0,0,0,1005,1
0,0,0,1006,1
0,0,0,1007,1
0,0,0,1006,1
0,0,0,1004,1
2,1,1,1003,0
0,0,0,1007,1
2,1,1,1002,0
0,0,0,1006,0
0,0,0,1005,1
0,0,0,1003,1
0,0,0,1004,1
0,0,0,1005,1
0,0,0,995,1
0,0,0,998,1
0,0,0,998,1
2,1,2,1008,1
0,0,0,1008,0
0,0,0,1005,0
0,0,0,1003,0
0,0,0,997,1
0,0,0,1008,0
2,1,1,1005,0
0,0,0,1008,0
0,0,0,1006,0
0,0,0,1007,0
0,0,0,1007,1
0,0,0,1005,1
0,0,0,1001,1
2,1,1,996,0
0,0,0,1001,1
2,1,1,998,0
0,0,0,1006,0
0,0,0,1001,1
0,0,0,999,1
3,3,1,998,0
0,0,0,1004,1
0,0,0,1003,1
0,0,0,1002,1
0,0,0,997,1
0,0,0,1003,1
0,0,0,1004,1
3,3,1,999,0
0,0,0,1002,1
0,0,0,999,1
0,0,0,998,1
0,0,0,998,1
0,0,0,1003,1
0,0,0,1003,1
2,1,1,1006,0
0,0,0,1006,1
2,1,1,1003,0
0,0,0,1006,0
0,0,0,999,1
0,0,0,997,1
0,0,0,1001,1
0,0,0,1001,1
0,0,0,998,1
1,1,1,999,0
0,0,0,1001,1
1,1,1,997,0
0,0,0,4095,1
0,0,0,999,1
0,0,0,998,1
1,1,1,1001,0
0,0,0,1000,1
1,1,1,999,0
0,0,0,4095,1
0,0,0,998,1
0,0,0,1003,1
0,0,0,995,1
0,0,0,1002,1
0,0,0,1003,1
0,0,0,1000,1
0,0,0,1001,1
2,1,2,847,1
0,0,0,791,0
0,0,0,802,0
0,0,0,796,0
0,0,0,787,0
0,0,0,770,0
2,1,2,784,1
0,0,0,779,0
0,0,0,785,0
0,0,0,795,0
0,0,0,788,0
0,0,0,779,0
2,1,2,793,1
0,0,0,790,0
0,0,0,803,0
0,0,0,789,0
0,0,0,790,0
0,0,0,799,0
2,1,2,791,1
0,0,0,800,0
0,0,0,784,0
0,0,0,768,0
0,0,0,775,0
2,1,2,770,1
0,0,0,778,0
0,0,0,723,0
0,0,0,749,0
0,0,0,742,0
5,4,1,795,1
0,0,0,787,0
2,1,2,795,1
0,0,0,803,0
0,0,0,820,0
0,0,0,793,0
0,0,0,784,0
0,0,0,777,0
2,1,2,799,1
0,0,0,813,0
0,0,0,784,0
0,0,0,792,0
0,0,0,793,0
2,1,2,774,1
1,1,1,817,1
0,0,0,785,0
1,1,1,803,1
2,1,2,815,1
0,0,0,4095,0
0,0,0,767,0
0,0,0,796,0
0,0,0,793,0
0,0,0,787,0
2,1,2,805,1
3,3,1,777,1
0,0,0,783,0
0,0,0,783,0
0,0,0,778,0
0,0,0,757,0
2,1,2,781,1
2,1,2,815,1
0,0,0,784,0
0,0,0,811,0
0,0,0,816,0
2,1,2,818,1
0,0,0,815,0
0,0,0,811,0
0,0,0,807,0
0,0,0,805,0
0,0,0,813,0
2,1,2,808,1
4,2,1,798,1
0,0,0,806,0
0,0,0,783,0
0,0,0,789,0
0,0,0,800,0
2,1,2,795,1
0,0,0,800,0
0,0,0,784,0
0,0,0,789,0
0,0,0,794,0
0,0,0,798,0
2,1,2,791,1
0,0,0,789,0
0,0,0,770,0
0,0,0,1041,0
0,0,0,998,0
0,0,0,1474,1
1,1,2,747,1
0,0,0,3686,1
2,1,2,832,1
0,0,0,876,0
0,0,0,835,0
0,0,0,835,0
0,0,0,837,0
0,0,0,832,0
2,1,2,842,1
0,0,0,833,0
0,0,0,833,0
0,0,0,837,0
0,0,0,782,0
0,0,0,765,0
0,0,0,763,1
2,1,2,794,1
0,0,0,796,0
0,0,0,768,0
0,0,0,807,0
0,0,0,801,0
0,0,0,782,0
2,1,2,848,1
0,0,0,848,0
0,0,0,843,0
0,0,0,848,0
0,0,0,844,0
0,0,0,830,0
2,1,2,829,1
0,0,0,816,0
0,0,0,815,0
0,0,0,839,0
0,0,0,830,0
0,0,0,819,0
2,1,2,784,1
0,0,0,821,0
0,0,0,784,0
0,0,0,709,0
0,0,0,927,0
0,0,0,845,0
2,1,2,845,1
0,0,0,831,0
0,0,0,1072,0
0,0,0,1097,0
0,0,0,944,0
0,0,0,1187,0
2,1,2,1122,1
0,0,0,1113,0
0,0,0,1077,0
0,0,0,1092,0
0,0,0,1104,0
0,0,0,1089,0
2,1,2,1099,1
0,0,0,1069,0
0,0,0,1091,0
0,0,0,1105,0
0,0,0,1104,0
0,0,0,1184,0
2,1,2,1101,1
0,0,0,1088,0
0,0,0,1085,0
0,0,0,1168,0
0,0,0,1143,0
0,0,0,1094,0
2,1,2,1209,1
0,0,0,1206,0
0,0,0,1199,0
0,0,0,1229,0
0,0,0,1131,0
0,0,0,1182,0
2,1,2,1162,1
0,0,0,1182,0
0,0,0,1214,0
0,0,0,1200,0
4,2,1,1216,1
0,0,0,1235,0
2,1,2,1278,1
0,0,0,1251,0
0,0,0,1200,0
0,0,0,1205,0
0,0,0,1191,0
0,0,0,1170,0
2,1,2,1170,1
0,0,0,1183,0
0,0,0,1173,0
0,0,0,1168,0
0,0,0,1162,0
0,0,0,1168,0
2,1,2,1115,1
0,0,0,1095,0
0,0,0,1133,0
0,0,0,1318,0
0,0,0,1293,0
0,0,0,1447,0
2,1,2,1343,1
5,4,1,1317,1
0,0,0,1453,0
0,0,0,1315,0
0,0,0,1274,0
0,0,0,1241,0
2,1,2,1222,1
0,0,0,1216,0
0,0,0,1328,0
0,0,0,1326,0
0,0,0,1435,0
0,0,0,957,0
2,1,2,1067,1
0,0,0,960,0
0,0,0,1055,0
0,0,0,1033,0
0,0,0,1008,0
0,0,0,990,0
2,1,2,1030,1
4,2,1,1039,1
0,0,0,1010,0
0,0,0,735,0
0,0,0,598,0
0,0,0,559,0
0,0,0,555,1
0,0,0,638,1
0,0,0,661,1
0,0,0,660,1
3,3,1,645,0
0,0,0,642,1
0,0,0,643,1
0,0,0,647,1
0,0,0,650,1
0,0,0,653,1
0,0,0,657,1
1,1,1,656,0
0,0,0,653,1
1,1,1,649,0
0,0,0,4095,1
0,0,0,640,1
0,0,0,640,1
0,0,0,643,1
0,0,0,646,1
0,0,0,646,1
0,0,0,643,1
0,0,0,643,1
5,4,1,643,0
0,0,0,644,1
0,0,0,645,1
0,0,0,644,1
0,0,0,646,1
5,4,1,641,0
0,0,0,642,1
0,0,0,673,1
0,0,0,48,1
0,0,0,43,1
0,0,0,204,1
2,1,1,3408,0
0,0,0,846,0
1,1,2,3408,0
0,0,0,3405,1
0,0,0,3413,1
0,0,0,3348,1
0,0,0,3451,1
0,0,0,3435,1
1,1,2,3392,0
0,0,0,3357,1
0,0,0,3403,1
0,0,0,3436,1
0,0,0,3410,1
0,0,0,3421,1
1,1,2,3379,0
0,0,0,3349,1
0,0,0,3385,1
2,1,2,818,1
0,0,0,761,0
0,0,0,832,0
0,0,0,778,0
0,0,0,1042,0
2,1,1,986,1
0,0,0,909,0
0,0,0,1003,1
0,0,0,995,1
0,0,0,998,1
0,0,0,1020,1
0,0,0,1037,1
0,0,0,1052,1
2,1,2,1073,1
0,0,0,1013,0
0,0,0,1045,0
0,0,0,1084,0
0,0,0,1079,0
4,2,1,1094,0
0,0,0,1090,0
0,0,0,1088,1
2,1,2,1082,1
0,0,0,1088,0
0,0,0,1088,0
0,0,0,1093,0
0,0,0,1104,1
4,2,1,1082,1
0,0,0,1103,0
2,1,2,1060,1
0,0,0,1084,0
0,0,0,1063,0
0,0,0,1069,0
0,0,0,1063,0
0,0,0,1067,0
2,1,2,1066,1
2,1,2,1058,1
0,0,0,1072,0
0,0,0,1063,0
0,0,0,1058,0
2,1,2,1073,1
0,0,0,1059,0
0,0,0,1073,1
0,0,0,1075,1
0,0,0,1072,1
0,0,0,1075,1
2,1,1,1081,1
0,0,0,1078,0
0,0,0,1086,0
0,0,0,1083,1
0,0,0,1083,1
0,0,0,1085,1
0,0,0,1084,1
2,1,2,1087,1
0,0,0,1079,0
0,0,0,1085,0
0,0,0,1083,1
0,0,0,1084,1
0,0,0,1072,1
2,1,2,1077,1
0,0,0,1077,0
0,0,0,1042,0
0,0,0,1082,0
0,0,0,1081,0
0,0,0,1097,0
2,1,2,1107,1
0,0,0,1102,0
0,0,0,1104,0
0,0,0,1104,0
0,0,0,1109,0
0,0,0,1123,0
2,1,2,1120,1
0,0,0,1120,0
0,0,0,1125,0
0,0,0,1111,0
